#
# There is insufficient memory for the Java Runtime Environment to continue.
# Native memory allocation (malloc) failed to allocate 771248 bytes. Error detail: Chunk::new
# Possible reasons:
#   The system is out of physical RAM or swap space
#   This process is running with CompressedOops enabled, and the Java Heap may be blocking the growth of the native heap
# Possible solutions:
#   Reduce memory load on the system
#   Increase physical memory or swap space
#   Check if swap backing store is full
#   Decrease Java heap size (-Xmx/-Xms)
#   Decrease number of Java threads
#   Decrease Java thread stack sizes (-Xss)
#   Set larger code cache with -XX:ReservedCodeCacheSize=
#   JVM is running with Unscaled Compressed Oops mode in which the Java heap is
#     placed in the first 4GB address space. The Java Heap base address is the
#     maximum limit for the native heap growth. Please use -XX:HeapBaseMinAddress
#     to set the Java Heap base and to place the Java Heap above 4GB virtual address.
# This output file may be truncated or incomplete.
#
#  Out of Memory Error (arena.cpp:168), pid=2640, tid=8868
#
# JRE version: OpenJDK Runtime Environment JBR-21.0.11+1-1163.116-nomod (21.0.11+1) (build 21.0.11+1-b1163.116)
# Java VM: OpenJDK 64-Bit Server VM JBR-21.0.11+1-1163.116-nomod (21.0.11+1-b1163.116, mixed mode, sharing, tiered, compressed oops, compressed class ptrs, g1 gc, windows-amd64)
# No core dump will be written. Minidumps are not enabled by default on client versions of Windows
#

---------------  S U M M A R Y ------------

Command Line: -XX:MaxMetaspaceSize=256m --add-opens=java.base/java.util=ALL-UNNAMED --add-opens=java.base/java.lang=ALL-UNNAMED --add-opens=java.base/java.lang.invoke=ALL-UNNAMED --add-opens=java.prefs/java.util.prefs=ALL-UNNAMED --add-exports=jdk.compiler/com.sun.tools.javac.api=ALL-UNNAMED --add-exports=jdk.compiler/com.sun.tools.javac.util=ALL-UNNAMED --add-opens=java.base/java.nio.charset=ALL-UNNAMED --add-opens=java.base/java.net=ALL-UNNAMED --add-opens=java.base/java.util.concurrent.atomic=ALL-UNNAMED -Xmx512m -Dfile.encoding=UTF-8 -Duser.country=ID -Duser.language=id -Duser.variant -javaagent:C:\Users\frank\.gradle\manual-wrapper\gradle-8.9\gradle-8.9\lib\agents\gradle-instrumentation-agent-8.9.jar org.gradle.launcher.daemon.bootstrap.GradleDaemon 8.9

Host: 11th Gen Intel(R) Core(TM) i3-1115G4 @ 3.00GHz, 4 cores, 7G,  Windows 11 , 64 bit Build 26100 (10.0.26100.8764)
Time: Sat Aug 29 11:48:17 2026 SE Asia Standard Time elapsed time: 241.931231 seconds (0d 0h 4m 1s)

---------------  T H R E A D  ---------------

Current thread (0x0000000019742200):  JavaThread "C2 CompilerThread0" daemon [_thread_in_native, id=8868, stack(0x000000002d400000,0x000000002d500000) (1024K)]


Current CompileTask:
C2:241931 24726       4       org.gradle.internal.reflect.ClassInspector::inspectClass (179 bytes)

Stack: [0x000000002d400000,0x000000002d500000]
Native frames: (J=compiled Java code, j=interpreted, Vv=VM code, C=native code)
V  [jvm.dll+0x6ed7f9]
V  [jvm.dll+0x8cbfcb]
V  [jvm.dll+0x8ce76a]
V  [jvm.dll+0x8cee43]
V  [jvm.dll+0x28e496]
V  [jvm.dll+0xc92bd]
V  [jvm.dll+0xc980c]
V  [jvm.dll+0x3ca88c]
V  [jvm.dll+0x396e12]
V  [jvm.dll+0x39626a]
V  [jvm.dll+0x254e30]
V  [jvm.dll+0x254452]
V  [jvm.dll+0x1d37ae]
V  [jvm.dll+0x26423b]
V  [jvm.dll+0x26276e]
V  [jvm.dll+0x405515]
V  [jvm.dll+0x875cad]
V  [jvm.dll+0x6ebf5d]
C  [ucrtbase.dll+0x2cd30]
C  [KERNEL32.DLL+0x2ccb7]
C  [ntdll.dll+0xaad6c]


---------------  P R O C E S S  ---------------

Threads class SMR info:
_java_thread_list=0x00000000328bf810, length=44, elements={
0x0000000003970ff0, 0x000000001972a300, 0x0000000019731bb0, 0x0000000019734a20,
0x000000001973b530, 0x000000001973bf90, 0x000000001973ea00, 0x0000000019741470,
0x0000000019742200, 0x00000000197493b0, 0x000000002d881da0, 0x000000002ff84a80,
0x000000002ff6abc0, 0x00000000300c5250, 0x00000000300151d0, 0x0000000030015840,
0x00000000300599f0, 0x000000003005a710, 0x000000003005a080, 0x0000000030057fb0,
0x0000000030058640, 0x0000000030058cd0, 0x0000000030059360, 0x000000003005ada0,
0x000000003029b160, 0x000000003029ec70, 0x000000003029d230, 0x000000003029c510,
0x000000003029be80, 0x000000003029d8c0, 0x000000003029e5e0, 0x000000003029cba0,
0x000000003029f300, 0x00000000302a06b0, 0x00000000302a0d40, 0x000000002f04c460,
0x000000002f052040, 0x000000002f050600, 0x00000000400fe500, 0x00000000400fc430,
0x00000000400fb080, 0x00000000400ff8b0, 0x00000000400fd7e0, 0x00000000400fcac0
}

Java Threads: ( => current thread )
  0x0000000003970ff0 JavaThread "main"                              [_thread_blocked, id=18372, stack(0x0000000002f20000,0x0000000003020000) (1024K)]
  0x000000001972a300 JavaThread "Common-Cleaner"             daemon [_thread_blocked, id=21412, stack(0x0000000019d00000,0x0000000019e00000) (1024K)]
  0x0000000019731bb0 JavaThread "Reference Handler"          daemon [_thread_blocked, id=27636, stack(0x0000000019e00000,0x0000000019f00000) (1024K)]
  0x0000000019734a20 JavaThread "Finalizer"                  daemon [_thread_blocked, id=14408, stack(0x0000000019f00000,0x000000001a000000) (1024K)]
  0x000000001973b530 JavaThread "Signal Dispatcher"          daemon [_thread_blocked, id=19768, stack(0x000000002d000000,0x000000002d100000) (1024K)]
  0x000000001973bf90 JavaThread "Attach Listener"            daemon [_thread_blocked, id=27612, stack(0x000000002d100000,0x000000002d200000) (1024K)]
  0x000000001973ea00 JavaThread "Service Thread"             daemon [_thread_blocked, id=14820, stack(0x000000002d200000,0x000000002d300000) (1024K)]
  0x0000000019741470 JavaThread "Monitor Deflation Thread"   daemon [_thread_blocked, id=2924, stack(0x000000002d300000,0x000000002d400000) (1024K)]
=>0x0000000019742200 JavaThread "C2 CompilerThread0"         daemon [_thread_in_native, id=8868, stack(0x000000002d400000,0x000000002d500000) (1024K)]
  0x00000000197493b0 JavaThread "C1 CompilerThread0"         daemon [_thread_blocked, id=25276, stack(0x000000002d500000,0x000000002d600000) (1024K)]
  0x000000002d881da0 JavaThread "Notification Thread"        daemon [_thread_blocked, id=12948, stack(0x000000002da00000,0x000000002db00000) (1024K)]
  0x000000002ff84a80 JavaThread "Daemon health stats"               [_thread_blocked, id=2344, stack(0x000000002db00000,0x000000002dc00000) (1024K)]
  0x000000002ff6abc0 JavaThread "Incoming local TCP Connector on port 35626"        [_thread_in_native, id=15016, stack(0x000000002f830000,0x000000002f930000) (1024K)]
  0x00000000300c5250 JavaThread "Daemon periodic checks"            [_thread_blocked, id=12856, stack(0x000000002f930000,0x000000002fa30000) (1024K)]
  0x00000000300151d0 JavaThread "Daemon"                            [_thread_blocked, id=21796, stack(0x0000000030e10000,0x0000000030f10000) (1024K)]
  0x0000000030015840 JavaThread "Handler for socket connection from /127.0.0.1:35626 to /127.0.0.1:35628"        [_thread_in_native, id=1544, stack(0x0000000030f10000,0x0000000031010000) (1024K)]
  0x00000000300599f0 JavaThread "Cancel handler"                    [_thread_blocked, id=2492, stack(0x0000000031010000,0x0000000031110000) (1024K)]
  0x000000003005a710 JavaThread "Daemon worker"                     [_thread_in_vm, id=15648, stack(0x0000000031210000,0x0000000031310000) (1024K)]
  0x000000003005a080 JavaThread "Asynchronous log dispatcher for DefaultDaemonConnection: socket connection from /127.0.0.1:35626 to /127.0.0.1:35628"        [_thread_blocked, id=13020, stack(0x0000000031310000,0x0000000031410000) (1024K)]
  0x0000000030057fb0 JavaThread "Stdin handler"                     [_thread_blocked, id=21344, stack(0x0000000031410000,0x0000000031510000) (1024K)]
  0x0000000030058640 JavaThread "Daemon client event forwarder"        [_thread_blocked, id=24500, stack(0x0000000031510000,0x0000000031610000) (1024K)]
  0x0000000030058cd0 JavaThread "Cache worker for journal cache (D:\codex-cache\espbridge-gradle\caches\journal-1)"        [_thread_blocked, id=10832, stack(0x0000000031610000,0x0000000031710000) (1024K)]
  0x0000000030059360 JavaThread "File lock request listener"        [_thread_in_native, id=17272, stack(0x0000000032c40000,0x0000000032d40000) (1024K)]
  0x000000003005ada0 JavaThread "Cache worker for file hash cache (D:\codex-cache\espbridge-gradle\caches\8.9\fileHashes)"        [_thread_blocked, id=1356, stack(0x0000000032d40000,0x0000000032e40000) (1024K)]
  0x000000003029b160 JavaThread "Cache worker for file hash cache (C:\Users\frank\Downloads\ESPBridge\.gradle\8.9\fileHashes)"        [_thread_blocked, id=3860, stack(0x0000000031820000,0x0000000031920000) (1024K)]
  0x000000003029ec70 JavaThread "Cache worker for Build Output Cleanup Cache (C:\Users\frank\Downloads\ESPBridge\.gradle\buildOutputCleanup)"        [_thread_blocked, id=26776, stack(0x0000000031920000,0x0000000031a20000) (1024K)]
  0x000000003029d230 JavaThread "File watcher server"        daemon [_thread_in_native, id=26956, stack(0x0000000031710000,0x0000000031810000) (1024K)]
  0x000000003029c510 JavaThread "File watcher consumer"      daemon [_thread_blocked, id=26848, stack(0x0000000031a20000,0x0000000031b20000) (1024K)]
  0x000000003029be80 JavaThread "Cache worker for checksums cache (C:\Users\frank\Downloads\ESPBridge\.gradle\8.9\checksums)"        [_thread_blocked, id=6596, stack(0x0000000031b20000,0x0000000031c20000) (1024K)]
  0x000000003029d8c0 JavaThread "Cache worker for file content cache (D:\codex-cache\espbridge-gradle\caches\8.9\fileContent)"        [_thread_blocked, id=27548, stack(0x0000000033e10000,0x0000000033f10000) (1024K)]
  0x000000003029e5e0 JavaThread "Cache worker for cache directory md-rule (D:\codex-cache\espbridge-gradle\caches\8.9\md-rule)"        [_thread_blocked, id=14276, stack(0x0000000033f10000,0x0000000034010000) (1024K)]
  0x000000003029cba0 JavaThread "Cache worker for cache directory md-supplier (D:\codex-cache\espbridge-gradle\caches\8.9\md-supplier)"        [_thread_blocked, id=14568, stack(0x0000000034010000,0x0000000034110000) (1024K)]
  0x000000003029f300 JavaThread "Unconstrained build operations"        [_thread_blocked, id=6560, stack(0x0000000034110000,0x0000000034210000) (1024K)]
  0x00000000302a06b0 JavaThread "Unconstrained build operations Thread 2"        [_thread_blocked, id=26800, stack(0x0000000034410000,0x0000000034510000) (1024K)]
  0x00000000302a0d40 JavaThread "Unconstrained build operations Thread 3"        [_thread_blocked, id=15888, stack(0x00000000013d0000,0x00000000014d0000) (1024K)]
  0x000000002f04c460 JavaThread "Memory manager"                    [_thread_blocked, id=20208, stack(0x00000000014d0000,0x00000000015d0000) (1024K)]
  0x000000002f052040 JavaThread "build event listener"              [_thread_blocked, id=1284, stack(0x0000000003130000,0x0000000003230000) (1024K)]
  0x000000002f050600 JavaThread "Kotlin DSL Writer"                 [_thread_blocked, id=9372, stack(0x0000000034210000,0x0000000034310000) (1024K)]
  0x00000000400fe500 JavaThread "ForkJoinPool.commonPool-worker-1" daemon [_thread_blocked, id=23808, stack(0x0000000034510000,0x0000000034610000) (1024K)]
  0x00000000400fc430 JavaThread "ForkJoinPool.commonPool-worker-2" daemon [_thread_blocked, id=19736, stack(0x0000000034610000,0x0000000034710000) (1024K)]
  0x00000000400fb080 JavaThread "ForkJoinPool.commonPool-worker-3" daemon [_thread_blocked, id=25932, stack(0x0000000034710000,0x0000000034810000) (1024K)]
  0x00000000400ff8b0 JavaThread "Exec process"                      [_thread_blocked, id=27028, stack(0x0000000034810000,0x0000000034910000) (1024K)]
  0x00000000400fd7e0 JavaThread "Exec process Thread 2"             [_thread_blocked, id=14796, stack(0x0000000036900000,0x0000000036a00000) (1024K)]
  0x00000000400fcac0 JavaThread "Exec process Thread 3"             [_thread_blocked, id=14360, stack(0x0000000036a00000,0x0000000036b00000) (1024K)]
Total: 44

Other Threads:
  0x000000001970b6a0 VMThread "VM Thread"                           [id=16504, stack(0x0000000019c00000,0x0000000019d00000) (1024K)]
  0x00000000196fc1b0 WatcherThread "VM Periodic Task Thread"        [id=26784, stack(0x0000000019b00000,0x0000000019c00000) (1024K)]
  0x000000000399ac60 WorkerThread "GC Thread#0"                     [id=14108, stack(0x0000000016e90000,0x0000000016f90000) (1024K)]
  0x000000002dccad40 WorkerThread "GC Thread#1"                     [id=24132, stack(0x000000002e400000,0x000000002e500000) (1024K)]
  0x000000002d9fd3f0 WorkerThread "GC Thread#2"                     [id=19984, stack(0x000000002e500000,0x000000002e600000) (1024K)]
  0x000000002dfa8f10 WorkerThread "GC Thread#3"                     [id=10008, stack(0x000000002f730000,0x000000002f830000) (1024K)]
  0x00000000039a0370 ConcurrentGCThread "G1 Main Marker"            [id=26732, stack(0x0000000016f90000,0x0000000017090000) (1024K)]
  0x00000000039a0d90 WorkerThread "G1 Conc#0"                       [id=8264, stack(0x0000000017090000,0x0000000017190000) (1024K)]
  0x0000000003a2ea30 ConcurrentGCThread "G1 Refine#0"               [id=13864, stack(0x00000000197d0000,0x00000000198d0000) (1024K)]
  0x00000000195d4490 ConcurrentGCThread "G1 Service"                [id=2372, stack(0x00000000198d0000,0x00000000199d0000) (1024K)]
Total: 10

Threads with active compile tasks:
C2 CompilerThread0  242058 24726       4       org.gradle.internal.reflect.ClassInspector::inspectClass (179 bytes)
Total: 1

VM state: not at safepoint (normal execution)

VM Mutex/Monitor currently owned by a thread:  ([mutex/lock_event])
[0x00007ffb1e808bb0] Metaspace_lock - owner thread: 0x000000003005a710

Heap address: 0x00000000e0000000, size: 512 MB, Compressed Oops mode: 32-bit

CDS archive(s) mapped at: [0x000000001a000000-0x000000001bc20000-0x000000001bc20000), size 29491200, SharedBaseAddress: 0x000000001a000000, ArchiveRelocationMode: 1.
Compressed class space mapped at: 0x000000001c000000-0x0000000029000000, reserved size: 218103808
Narrow klass base: 0x000000001a000000, Narrow klass shift: 0, Narrow klass range: 0x100000000

GC Precious Log:
 CardTable entry size: 512
 Card Set container configuration: InlinePtr #cards 5 size 8 Array Of Cards #cards 12 size 40 Howl #buckets 4 coarsen threshold 1843 Howl Bitmap #cards 512 size 80 coarsen threshold 460 Card regions per heap region 1 cards per card region 2048
 CPUs: 4 total, 4 available
 Memory: 7991M
 Large Page Support: Disabled
 NUMA Support: Disabled
 Compressed Oops: Enabled (32-bit)
 Heap Region Size: 1M
 Heap Min Capacity: 8M
 Heap Initial Capacity: 126M
 Heap Max Capacity: 512M
 Pre-touch: Disabled
 Parallel Workers: 4
 Concurrent Workers: 1
 Concurrent Refinement Workers: 4
 Periodic GC: Disabled

Heap:
 garbage-first heap   total 399360K, used 363974K [0x00000000e0000000, 0x0000000100000000)
  region size 1024K, 124 young (126976K), 7 survivors (7168K)
 Metaspace       used 168321K, committed 170688K, reserved 409600K
  class space    used 22399K, committed 23552K, reserved 212992K

Heap Regions: E=young(eden), S=young(survivor), O=old, HS=humongous(starts), HC=humongous(continues), CS=collection set, F=free, TAMS=top-at-mark-start, PB=parsable bottom
|   0|0x00000000e0000000, 0x00000000e0100000, 0x00000000e0100000|100%|HS|  |TAMS 0x00000000e0000000| PB 0x00000000e0000000| Complete 
|   1|0x00000000e0100000, 0x00000000e0200000, 0x00000000e0200000|100%|HC|  |TAMS 0x00000000e0100000| PB 0x00000000e0100000| Complete 
|   2|0x00000000e0200000, 0x00000000e0300000, 0x00000000e0300000|100%|HC|  |TAMS 0x00000000e0200000| PB 0x00000000e0200000| Complete 
|   3|0x00000000e0300000, 0x00000000e0400000, 0x00000000e0400000|100%|HC|  |TAMS 0x00000000e0300000| PB 0x00000000e0300000| Complete 
|   4|0x00000000e0400000, 0x00000000e0500000, 0x00000000e0500000|100%| O|  |TAMS 0x00000000e0400000| PB 0x00000000e0400000| Untracked 
|   5|0x00000000e0500000, 0x00000000e0600000, 0x00000000e0600000|100%| O|  |TAMS 0x00000000e0500000| PB 0x00000000e0500000| Untracked 
|   6|0x00000000e0600000, 0x00000000e0700000, 0x00000000e0700000|100%| O|  |TAMS 0x00000000e0600000| PB 0x00000000e0600000| Untracked 
|   7|0x00000000e0700000, 0x00000000e0800000, 0x00000000e0800000|100%|HS|  |TAMS 0x00000000e0700000| PB 0x00000000e0700000| Complete 
|   8|0x00000000e0800000, 0x00000000e0900000, 0x00000000e0900000|100%| O|  |TAMS 0x00000000e0800000| PB 0x00000000e0800000| Untracked 
|   9|0x00000000e0900000, 0x00000000e0a00000, 0x00000000e0a00000|100%| O|  |TAMS 0x00000000e0900000| PB 0x00000000e0900000| Untracked 
|  10|0x00000000e0a00000, 0x00000000e0b00000, 0x00000000e0b00000|100%| O|  |TAMS 0x00000000e0a00000| PB 0x00000000e0a00000| Untracked 
|  11|0x00000000e0b00000, 0x00000000e0c00000, 0x00000000e0c00000|100%| O|  |TAMS 0x00000000e0b00000| PB 0x00000000e0b00000| Untracked 
|  12|0x00000000e0c00000, 0x00000000e0d00000, 0x00000000e0d00000|100%| O|  |TAMS 0x00000000e0c00000| PB 0x00000000e0c00000| Untracked 
|  13|0x00000000e0d00000, 0x00000000e0e00000, 0x00000000e0e00000|100%| O|  |TAMS 0x00000000e0d00000| PB 0x00000000e0d00000| Untracked 
|  14|0x00000000e0e00000, 0x00000000e0f00000, 0x00000000e0f00000|100%| O|  |TAMS 0x00000000e0e00000| PB 0x00000000e0e00000| Untracked 
|  15|0x00000000e0f00000, 0x00000000e1000000, 0x00000000e1000000|100%| O|  |TAMS 0x00000000e0f00000| PB 0x00000000e0f00000| Untracked 
|  16|0x00000000e1000000, 0x00000000e1100000, 0x00000000e1100000|100%| O|  |TAMS 0x00000000e1000000| PB 0x00000000e1000000| Untracked 
|  17|0x00000000e1100000, 0x00000000e1200000, 0x00000000e1200000|100%| O|  |TAMS 0x00000000e1100000| PB 0x00000000e1100000| Untracked 
|  18|0x00000000e1200000, 0x00000000e1300000, 0x00000000e1300000|100%| O|  |TAMS 0x00000000e1200000| PB 0x00000000e1200000| Untracked 
|  19|0x00000000e1300000, 0x00000000e1400000, 0x00000000e1400000|100%| O|  |TAMS 0x00000000e1300000| PB 0x00000000e1300000| Untracked 
|  20|0x00000000e1400000, 0x00000000e1500000, 0x00000000e1500000|100%| O|  |TAMS 0x00000000e1400000| PB 0x00000000e1400000| Untracked 
|  21|0x00000000e1500000, 0x00000000e1600000, 0x00000000e1600000|100%| O|  |TAMS 0x00000000e1500000| PB 0x00000000e1500000| Untracked 
|  22|0x00000000e1600000, 0x00000000e1700000, 0x00000000e1700000|100%| O|  |TAMS 0x00000000e1600000| PB 0x00000000e1600000| Untracked 
|  23|0x00000000e1700000, 0x00000000e1800000, 0x00000000e1800000|100%| O|  |TAMS 0x00000000e1700000| PB 0x00000000e1700000| Untracked 
|  24|0x00000000e1800000, 0x00000000e1900000, 0x00000000e1900000|100%| O|  |TAMS 0x00000000e1800000| PB 0x00000000e1800000| Untracked 
|  25|0x00000000e1900000, 0x00000000e1a00000, 0x00000000e1a00000|100%| O|  |TAMS 0x00000000e1900000| PB 0x00000000e1900000| Untracked 
|  26|0x00000000e1a00000, 0x00000000e1b00000, 0x00000000e1b00000|100%| O|  |TAMS 0x00000000e1a00000| PB 0x00000000e1a00000| Untracked 
|  27|0x00000000e1b00000, 0x00000000e1c00000, 0x00000000e1c00000|100%| O|  |TAMS 0x00000000e1b00000| PB 0x00000000e1b00000| Untracked 
|  28|0x00000000e1c00000, 0x00000000e1d00000, 0x00000000e1d00000|100%| O|  |TAMS 0x00000000e1c00000| PB 0x00000000e1c00000| Untracked 
|  29|0x00000000e1d00000, 0x00000000e1e00000, 0x00000000e1e00000|100%| O|  |TAMS 0x00000000e1d00000| PB 0x00000000e1d00000| Untracked 
|  30|0x00000000e1e00000, 0x00000000e1f00000, 0x00000000e1f00000|100%| O|  |TAMS 0x00000000e1e00000| PB 0x00000000e1e00000| Untracked 
|  31|0x00000000e1f00000, 0x00000000e2000000, 0x00000000e2000000|100%| O|  |TAMS 0x00000000e1f00000| PB 0x00000000e1f00000| Untracked 
|  32|0x00000000e2000000, 0x00000000e2100000, 0x00000000e2100000|100%| O|  |TAMS 0x00000000e2000000| PB 0x00000000e2000000| Untracked 
|  33|0x00000000e2100000, 0x00000000e2200000, 0x00000000e2200000|100%| O|  |TAMS 0x00000000e2100000| PB 0x00000000e2100000| Untracked 
|  34|0x00000000e2200000, 0x00000000e2300000, 0x00000000e2300000|100%| O|  |TAMS 0x00000000e2200000| PB 0x00000000e2200000| Untracked 
|  35|0x00000000e2300000, 0x00000000e2400000, 0x00000000e2400000|100%| O|  |TAMS 0x00000000e2300000| PB 0x00000000e2300000| Untracked 
|  36|0x00000000e2400000, 0x00000000e2500000, 0x00000000e2500000|100%| O|  |TAMS 0x00000000e2400000| PB 0x00000000e2400000| Untracked 
|  37|0x00000000e2500000, 0x00000000e2600000, 0x00000000e2600000|100%| O|  |TAMS 0x00000000e2500000| PB 0x00000000e2500000| Untracked 
|  38|0x00000000e2600000, 0x00000000e2700000, 0x00000000e2700000|100%| O|  |TAMS 0x00000000e2600000| PB 0x00000000e2600000| Untracked 
|  39|0x00000000e2700000, 0x00000000e2800000, 0x00000000e2800000|100%| O|  |TAMS 0x00000000e2700000| PB 0x00000000e2700000| Untracked 
|  40|0x00000000e2800000, 0x00000000e2900000, 0x00000000e2900000|100%| O|  |TAMS 0x00000000e2800000| PB 0x00000000e2800000| Untracked 
|  41|0x00000000e2900000, 0x00000000e2a00000, 0x00000000e2a00000|100%| O|  |TAMS 0x00000000e2900000| PB 0x00000000e2900000| Untracked 
|  42|0x00000000e2a00000, 0x00000000e2b00000, 0x00000000e2b00000|100%| O|  |TAMS 0x00000000e2a00000| PB 0x00000000e2a00000| Untracked 
|  43|0x00000000e2b00000, 0x00000000e2c00000, 0x00000000e2c00000|100%| O|  |TAMS 0x00000000e2b00000| PB 0x00000000e2b00000| Untracked 
|  44|0x00000000e2c00000, 0x00000000e2d00000, 0x00000000e2d00000|100%| O|  |TAMS 0x00000000e2c00000| PB 0x00000000e2c00000| Untracked 
|  45|0x00000000e2d00000, 0x00000000e2e00000, 0x00000000e2e00000|100%| O|  |TAMS 0x00000000e2d00000| PB 0x00000000e2d00000| Untracked 
|  46|0x00000000e2e00000, 0x00000000e2f00000, 0x00000000e2f00000|100%| O|  |TAMS 0x00000000e2e00000| PB 0x00000000e2e00000| Untracked 
|  47|0x00000000e2f00000, 0x00000000e3000000, 0x00000000e3000000|100%| O|  |TAMS 0x00000000e2f00000| PB 0x00000000e2f00000| Untracked 
|  48|0x00000000e3000000, 0x00000000e3100000, 0x00000000e3100000|100%| O|  |TAMS 0x00000000e3000000| PB 0x00000000e3000000| Untracked 
|  49|0x00000000e3100000, 0x00000000e3200000, 0x00000000e3200000|100%| O|  |TAMS 0x00000000e3100000| PB 0x00000000e3100000| Untracked 
|  50|0x00000000e3200000, 0x00000000e3300000, 0x00000000e3300000|100%| O|  |TAMS 0x00000000e3200000| PB 0x00000000e3200000| Untracked 
|  51|0x00000000e3300000, 0x00000000e3400000, 0x00000000e3400000|100%| O|  |TAMS 0x00000000e3300000| PB 0x00000000e3300000| Untracked 
|  52|0x00000000e3400000, 0x00000000e3500000, 0x00000000e3500000|100%| O|  |TAMS 0x00000000e3400000| PB 0x00000000e3400000| Untracked 
|  53|0x00000000e3500000, 0x00000000e3600000, 0x00000000e3600000|100%| O|  |TAMS 0x00000000e3500000| PB 0x00000000e3500000| Untracked 
|  54|0x00000000e3600000, 0x00000000e3700000, 0x00000000e3700000|100%| O|  |TAMS 0x00000000e3600000| PB 0x00000000e3600000| Untracked 
|  55|0x00000000e3700000, 0x00000000e3800000, 0x00000000e3800000|100%| O|  |TAMS 0x00000000e3700000| PB 0x00000000e3700000| Untracked 
|  56|0x00000000e3800000, 0x00000000e3900000, 0x00000000e3900000|100%| O|  |TAMS 0x00000000e3800000| PB 0x00000000e3800000| Untracked 
|  57|0x00000000e3900000, 0x00000000e3a00000, 0x00000000e3a00000|100%| O|  |TAMS 0x00000000e3900000| PB 0x00000000e3900000| Untracked 
|  58|0x00000000e3a00000, 0x00000000e3b00000, 0x00000000e3b00000|100%| O|  |TAMS 0x00000000e3a00000| PB 0x00000000e3a00000| Untracked 
|  59|0x00000000e3b00000, 0x00000000e3c00000, 0x00000000e3c00000|100%| O|  |TAMS 0x00000000e3b00000| PB 0x00000000e3b00000| Untracked 
|  60|0x00000000e3c00000, 0x00000000e3d00000, 0x00000000e3d00000|100%| O|  |TAMS 0x00000000e3c00000| PB 0x00000000e3c00000| Untracked 
|  61|0x00000000e3d00000, 0x00000000e3e00000, 0x00000000e3e00000|100%| O|  |TAMS 0x00000000e3d00000| PB 0x00000000e3d00000| Untracked 
|  62|0x00000000e3e00000, 0x00000000e3f00000, 0x00000000e3f00000|100%| O|  |TAMS 0x00000000e3e00000| PB 0x00000000e3e00000| Untracked 
|  63|0x00000000e3f00000, 0x00000000e4000000, 0x00000000e4000000|100%| O|  |TAMS 0x00000000e3f00000| PB 0x00000000e3f00000| Untracked 
|  64|0x00000000e4000000, 0x00000000e4100000, 0x00000000e4100000|100%| O|  |TAMS 0x00000000e4000000| PB 0x00000000e4000000| Untracked 
|  65|0x00000000e4100000, 0x00000000e4200000, 0x00000000e4200000|100%| O|  |TAMS 0x00000000e4100000| PB 0x00000000e4100000| Untracked 
|  66|0x00000000e4200000, 0x00000000e4300000, 0x00000000e4300000|100%| O|  |TAMS 0x00000000e4200000| PB 0x00000000e4200000| Untracked 
|  67|0x00000000e4300000, 0x00000000e4400000, 0x00000000e4400000|100%| O|  |TAMS 0x00000000e4300000| PB 0x00000000e4300000| Untracked 
|  68|0x00000000e4400000, 0x00000000e4500000, 0x00000000e4500000|100%| O|  |TAMS 0x00000000e4400000| PB 0x00000000e4400000| Untracked 
|  69|0x00000000e4500000, 0x00000000e4600000, 0x00000000e4600000|100%| O|  |TAMS 0x00000000e4500000| PB 0x00000000e4500000| Untracked 
|  70|0x00000000e4600000, 0x00000000e4700000, 0x00000000e4700000|100%| O|  |TAMS 0x00000000e4600000| PB 0x00000000e4600000| Untracked 
|  71|0x00000000e4700000, 0x00000000e4800000, 0x00000000e4800000|100%| O|  |TAMS 0x00000000e4700000| PB 0x00000000e4700000| Untracked 
|  72|0x00000000e4800000, 0x00000000e4900000, 0x00000000e4900000|100%| O|  |TAMS 0x00000000e4800000| PB 0x00000000e4800000| Untracked 
|  73|0x00000000e4900000, 0x00000000e4a00000, 0x00000000e4a00000|100%| O|  |TAMS 0x00000000e4900000| PB 0x00000000e4900000| Untracked 
|  74|0x00000000e4a00000, 0x00000000e4b00000, 0x00000000e4b00000|100%| O|  |TAMS 0x00000000e4a00000| PB 0x00000000e4a00000| Untracked 
|  75|0x00000000e4b00000, 0x00000000e4c00000, 0x00000000e4c00000|100%| O|  |TAMS 0x00000000e4b00000| PB 0x00000000e4b00000| Untracked 
|  76|0x00000000e4c00000, 0x00000000e4d00000, 0x00000000e4d00000|100%| O|  |TAMS 0x00000000e4c00000| PB 0x00000000e4c00000| Untracked 
|  77|0x00000000e4d00000, 0x00000000e4e00000, 0x00000000e4e00000|100%| O|  |TAMS 0x00000000e4d00000| PB 0x00000000e4d00000| Untracked 
|  78|0x00000000e4e00000, 0x00000000e4f00000, 0x00000000e4f00000|100%|HS|  |TAMS 0x00000000e4e00000| PB 0x00000000e4e00000| Complete 
|  79|0x00000000e4f00000, 0x00000000e5000000, 0x00000000e5000000|100%| O|  |TAMS 0x00000000e4f00000| PB 0x00000000e4f00000| Untracked 
|  80|0x00000000e5000000, 0x00000000e5100000, 0x00000000e5100000|100%| O|  |TAMS 0x00000000e5000000| PB 0x00000000e5000000| Untracked 
|  81|0x00000000e5100000, 0x00000000e5200000, 0x00000000e5200000|100%| O|  |TAMS 0x00000000e5100000| PB 0x00000000e5100000| Untracked 
|  82|0x00000000e5200000, 0x00000000e5300000, 0x00000000e5300000|100%| O|  |TAMS 0x00000000e5200000| PB 0x00000000e5200000| Untracked 
|  83|0x00000000e5300000, 0x00000000e5400000, 0x00000000e5400000|100%| O|  |TAMS 0x00000000e5300000| PB 0x00000000e5300000| Untracked 
|  84|0x00000000e5400000, 0x00000000e5500000, 0x00000000e5500000|100%| O|  |TAMS 0x00000000e5400000| PB 0x00000000e5400000| Untracked 
|  85|0x00000000e5500000, 0x00000000e5600000, 0x00000000e5600000|100%| O|  |TAMS 0x00000000e5500000| PB 0x00000000e5500000| Untracked 
|  86|0x00000000e5600000, 0x00000000e5700000, 0x00000000e5700000|100%| O|  |TAMS 0x00000000e5600000| PB 0x00000000e5600000| Untracked 
|  87|0x00000000e5700000, 0x00000000e5800000, 0x00000000e5800000|100%| O|  |TAMS 0x00000000e5700000| PB 0x00000000e5700000| Untracked 
|  88|0x00000000e5800000, 0x00000000e5900000, 0x00000000e5900000|100%| O|  |TAMS 0x00000000e5800000| PB 0x00000000e5800000| Untracked 
|  89|0x00000000e5900000, 0x00000000e5a00000, 0x00000000e5a00000|100%| O|  |TAMS 0x00000000e5900000| PB 0x00000000e5900000| Untracked 
|  90|0x00000000e5a00000, 0x00000000e5b00000, 0x00000000e5b00000|100%| O|  |TAMS 0x00000000e5a00000| PB 0x00000000e5a00000| Untracked 
|  91|0x00000000e5b00000, 0x00000000e5c00000, 0x00000000e5c00000|100%| O|  |TAMS 0x00000000e5b00000| PB 0x00000000e5b00000| Untracked 
|  92|0x00000000e5c00000, 0x00000000e5d00000, 0x00000000e5d00000|100%| O|  |TAMS 0x00000000e5c00000| PB 0x00000000e5c00000| Untracked 
|  93|0x00000000e5d00000, 0x00000000e5e00000, 0x00000000e5e00000|100%| O|  |TAMS 0x00000000e5d00000| PB 0x00000000e5d00000| Untracked 
|  94|0x00000000e5e00000, 0x00000000e5f00000, 0x00000000e5f00000|100%| O|  |TAMS 0x00000000e5e00000| PB 0x00000000e5e00000| Untracked 
|  95|0x00000000e5f00000, 0x00000000e6000000, 0x00000000e6000000|100%| O|  |TAMS 0x00000000e5f00000| PB 0x00000000e5f00000| Untracked 
|  96|0x00000000e6000000, 0x00000000e6100000, 0x00000000e6100000|100%| O|  |TAMS 0x00000000e6000000| PB 0x00000000e6000000| Untracked 
|  97|0x00000000e6100000, 0x00000000e6200000, 0x00000000e6200000|100%| O|  |TAMS 0x00000000e6100000| PB 0x00000000e6100000| Untracked 
|  98|0x00000000e6200000, 0x00000000e6300000, 0x00000000e6300000|100%| O|  |TAMS 0x00000000e6200000| PB 0x00000000e6200000| Untracked 
|  99|0x00000000e6300000, 0x00000000e6400000, 0x00000000e6400000|100%| O|  |TAMS 0x00000000e6300000| PB 0x00000000e6300000| Untracked 
| 100|0x00000000e6400000, 0x00000000e6500000, 0x00000000e6500000|100%| O|  |TAMS 0x00000000e6400000| PB 0x00000000e6400000| Untracked 
| 101|0x00000000e6500000, 0x00000000e6600000, 0x00000000e6600000|100%|HS|  |TAMS 0x00000000e6500000| PB 0x00000000e6500000| Complete 
| 102|0x00000000e6600000, 0x00000000e6700000, 0x00000000e6700000|100%| O|  |TAMS 0x00000000e6600000| PB 0x00000000e6600000| Untracked 
| 103|0x00000000e6700000, 0x00000000e6800000, 0x00000000e6800000|100%| O|  |TAMS 0x00000000e6700000| PB 0x00000000e6700000| Untracked 
| 104|0x00000000e6800000, 0x00000000e6900000, 0x00000000e6900000|100%| O|  |TAMS 0x00000000e6800000| PB 0x00000000e6800000| Untracked 
| 105|0x00000000e6900000, 0x00000000e6a00000, 0x00000000e6a00000|100%| O|  |TAMS 0x00000000e6900000| PB 0x00000000e6900000| Untracked 
| 106|0x00000000e6a00000, 0x00000000e6b00000, 0x00000000e6b00000|100%| O|  |TAMS 0x00000000e6a00000| PB 0x00000000e6a00000| Untracked 
| 107|0x00000000e6b00000, 0x00000000e6c00000, 0x00000000e6c00000|100%| O|  |TAMS 0x00000000e6b00000| PB 0x00000000e6b00000| Untracked 
| 108|0x00000000e6c00000, 0x00000000e6d00000, 0x00000000e6d00000|100%|HS|  |TAMS 0x00000000e6c00000| PB 0x00000000e6c00000| Complete 
| 109|0x00000000e6d00000, 0x00000000e6e00000, 0x00000000e6e00000|100%| O|  |TAMS 0x00000000e6d00000| PB 0x00000000e6d00000| Untracked 
| 110|0x00000000e6e00000, 0x00000000e6f00000, 0x00000000e6f00000|100%| O|  |TAMS 0x00000000e6e00000| PB 0x00000000e6e00000| Untracked 
| 111|0x00000000e6f00000, 0x00000000e7000000, 0x00000000e7000000|100%|HS|  |TAMS 0x00000000e6f00000| PB 0x00000000e6f00000| Complete 
| 112|0x00000000e7000000, 0x00000000e7100000, 0x00000000e7100000|100%| O|  |TAMS 0x00000000e7000000| PB 0x00000000e7000000| Untracked 
| 113|0x00000000e7100000, 0x00000000e7200000, 0x00000000e7200000|100%| O|  |TAMS 0x00000000e7100000| PB 0x00000000e7100000| Untracked 
| 114|0x00000000e7200000, 0x00000000e7300000, 0x00000000e7300000|100%| O|  |TAMS 0x00000000e7200000| PB 0x00000000e7200000| Untracked 
| 115|0x00000000e7300000, 0x00000000e7400000, 0x00000000e7400000|100%| O|  |TAMS 0x00000000e7300000| PB 0x00000000e7300000| Untracked 
| 116|0x00000000e7400000, 0x00000000e7500000, 0x00000000e7500000|100%| O|  |TAMS 0x00000000e7400000| PB 0x00000000e7400000| Untracked 
| 117|0x00000000e7500000, 0x00000000e7600000, 0x00000000e7600000|100%| O|  |TAMS 0x00000000e7500000| PB 0x00000000e7500000| Untracked 
| 118|0x00000000e7600000, 0x00000000e7700000, 0x00000000e7700000|100%| O|  |TAMS 0x00000000e7600000| PB 0x00000000e7600000| Untracked 
| 119|0x00000000e7700000, 0x00000000e7800000, 0x00000000e7800000|100%|HS|  |TAMS 0x00000000e7700000| PB 0x00000000e7700000| Complete 
| 120|0x00000000e7800000, 0x00000000e7900000, 0x00000000e7900000|100%| O|  |TAMS 0x00000000e7800000| PB 0x00000000e7800000| Untracked 
| 121|0x00000000e7900000, 0x00000000e7a00000, 0x00000000e7a00000|100%| O|  |TAMS 0x00000000e7900000| PB 0x00000000e7900000| Untracked 
| 122|0x00000000e7a00000, 0x00000000e7b00000, 0x00000000e7b00000|100%| O|  |TAMS 0x00000000e7a00000| PB 0x00000000e7a00000| Untracked 
| 123|0x00000000e7b00000, 0x00000000e7c00000, 0x00000000e7c00000|100%| O|  |TAMS 0x00000000e7b00000| PB 0x00000000e7b00000| Untracked 
| 124|0x00000000e7c00000, 0x00000000e7d00000, 0x00000000e7d00000|100%| O|  |TAMS 0x00000000e7c00000| PB 0x00000000e7c00000| Untracked 
| 125|0x00000000e7d00000, 0x00000000e7e00000, 0x00000000e7e00000|100%|HS|  |TAMS 0x00000000e7d00000| PB 0x00000000e7d00000| Complete 
| 126|0x00000000e7e00000, 0x00000000e7f00000, 0x00000000e7f00000|100%|HC|  |TAMS 0x00000000e7e00000| PB 0x00000000e7e00000| Complete 
| 127|0x00000000e7f00000, 0x00000000e8000000, 0x00000000e8000000|100%| O|  |TAMS 0x00000000e7f00000| PB 0x00000000e7f00000| Untracked 
| 128|0x00000000e8000000, 0x00000000e8100000, 0x00000000e8100000|100%|HS|  |TAMS 0x00000000e8000000| PB 0x00000000e8000000| Complete 
| 129|0x00000000e8100000, 0x00000000e8200000, 0x00000000e8200000|100%|HC|  |TAMS 0x00000000e8100000| PB 0x00000000e8100000| Complete 
| 130|0x00000000e8200000, 0x00000000e8300000, 0x00000000e8300000|100%|HS|  |TAMS 0x00000000e8200000| PB 0x00000000e8200000| Complete 
| 131|0x00000000e8300000, 0x00000000e8400000, 0x00000000e8400000|100%|HC|  |TAMS 0x00000000e8300000| PB 0x00000000e8300000| Complete 
| 132|0x00000000e8400000, 0x00000000e8500000, 0x00000000e8500000|100%|HC|  |TAMS 0x00000000e8400000| PB 0x00000000e8400000| Complete 
| 133|0x00000000e8500000, 0x00000000e8600000, 0x00000000e8600000|100%|HS|  |TAMS 0x00000000e8500000| PB 0x00000000e8500000| Complete 
| 134|0x00000000e8600000, 0x00000000e8700000, 0x00000000e8700000|100%|HS|  |TAMS 0x00000000e8600000| PB 0x00000000e8600000| Complete 
| 135|0x00000000e8700000, 0x00000000e8800000, 0x00000000e8800000|100%|HS|  |TAMS 0x00000000e8700000| PB 0x00000000e8700000| Complete 
| 136|0x00000000e8800000, 0x00000000e8900000, 0x00000000e8900000|100%| O|  |TAMS 0x00000000e8800000| PB 0x00000000e8800000| Untracked 
| 137|0x00000000e8900000, 0x00000000e8a00000, 0x00000000e8a00000|100%| O|  |TAMS 0x00000000e8900000| PB 0x00000000e8900000| Untracked 
| 138|0x00000000e8a00000, 0x00000000e8b00000, 0x00000000e8b00000|100%| O|  |TAMS 0x00000000e8a00000| PB 0x00000000e8a00000| Untracked 
| 139|0x00000000e8b00000, 0x00000000e8c00000, 0x00000000e8c00000|100%| O|  |TAMS 0x00000000e8b00000| PB 0x00000000e8b00000| Untracked 
| 140|0x00000000e8c00000, 0x00000000e8d00000, 0x00000000e8d00000|100%| O|  |TAMS 0x00000000e8c00000| PB 0x00000000e8c00000| Untracked 
| 141|0x00000000e8d00000, 0x00000000e8e00000, 0x00000000e8e00000|100%| O|  |TAMS 0x00000000e8d00000| PB 0x00000000e8d00000| Untracked 
| 142|0x00000000e8e00000, 0x00000000e8f00000, 0x00000000e8f00000|100%| O|  |TAMS 0x00000000e8e00000| PB 0x00000000e8e00000| Untracked 
| 143|0x00000000e8f00000, 0x00000000e9000000, 0x00000000e9000000|100%| O|  |TAMS 0x00000000e8f00000| PB 0x00000000e8f00000| Untracked 
| 144|0x00000000e9000000, 0x00000000e9100000, 0x00000000e9100000|100%| O|  |TAMS 0x00000000e9000000| PB 0x00000000e9000000| Untracked 
| 145|0x00000000e9100000, 0x00000000e9200000, 0x00000000e9200000|100%| O|  |TAMS 0x00000000e9100000| PB 0x00000000e9100000| Untracked 
| 146|0x00000000e9200000, 0x00000000e9300000, 0x00000000e9300000|100%| O|  |TAMS 0x00000000e9200000| PB 0x00000000e9200000| Untracked 
| 147|0x00000000e9300000, 0x00000000e9400000, 0x00000000e9400000|100%| O|  |TAMS 0x00000000e9300000| PB 0x00000000e9300000| Untracked 
| 148|0x00000000e9400000, 0x00000000e9500000, 0x00000000e9500000|100%|HS|  |TAMS 0x00000000e9400000| PB 0x00000000e9400000| Complete 
| 149|0x00000000e9500000, 0x00000000e9600000, 0x00000000e9600000|100%| O|  |TAMS 0x00000000e9500000| PB 0x00000000e9500000| Untracked 
| 150|0x00000000e9600000, 0x00000000e9700000, 0x00000000e9700000|100%| O|  |TAMS 0x00000000e9600000| PB 0x00000000e9600000| Untracked 
| 151|0x00000000e9700000, 0x00000000e9800000, 0x00000000e9800000|100%| O|  |TAMS 0x00000000e9700000| PB 0x00000000e9700000| Untracked 
| 152|0x00000000e9800000, 0x00000000e9900000, 0x00000000e9900000|100%|HS|  |TAMS 0x00000000e9800000| PB 0x00000000e9800000| Complete 
| 153|0x00000000e9900000, 0x00000000e9a00000, 0x00000000e9a00000|100%|HC|  |TAMS 0x00000000e9900000| PB 0x00000000e9900000| Complete 
| 154|0x00000000e9a00000, 0x00000000e9b00000, 0x00000000e9b00000|100%|HC|  |TAMS 0x00000000e9a00000| PB 0x00000000e9a00000| Complete 
| 155|0x00000000e9b00000, 0x00000000e9c00000, 0x00000000e9c00000|100%| O|  |TAMS 0x00000000e9b00000| PB 0x00000000e9b00000| Untracked 
| 156|0x00000000e9c00000, 0x00000000e9d00000, 0x00000000e9d00000|100%| O|  |TAMS 0x00000000e9c00000| PB 0x00000000e9c00000| Untracked 
| 157|0x00000000e9d00000, 0x00000000e9e00000, 0x00000000e9e00000|100%| O|  |TAMS 0x00000000e9d00000| PB 0x00000000e9d00000| Untracked 
| 158|0x00000000e9e00000, 0x00000000e9f00000, 0x00000000e9f00000|100%| O|  |TAMS 0x00000000e9e00000| PB 0x00000000e9e00000| Untracked 
| 159|0x00000000e9f00000, 0x00000000ea000000, 0x00000000ea000000|100%|HS|  |TAMS 0x00000000e9f00000| PB 0x00000000e9f00000| Complete 
| 160|0x00000000ea000000, 0x00000000ea100000, 0x00000000ea100000|100%|HC|  |TAMS 0x00000000ea000000| PB 0x00000000ea000000| Complete 
| 161|0x00000000ea100000, 0x00000000ea200000, 0x00000000ea200000|100%|HC|  |TAMS 0x00000000ea100000| PB 0x00000000ea100000| Complete 
| 162|0x00000000ea200000, 0x00000000ea300000, 0x00000000ea300000|100%|HC|  |TAMS 0x00000000ea200000| PB 0x00000000ea200000| Complete 
| 163|0x00000000ea300000, 0x00000000ea400000, 0x00000000ea400000|100%|HC|  |TAMS 0x00000000ea300000| PB 0x00000000ea300000| Complete 
| 164|0x00000000ea400000, 0x00000000ea500000, 0x00000000ea500000|100%|HC|  |TAMS 0x00000000ea400000| PB 0x00000000ea400000| Complete 
| 165|0x00000000ea500000, 0x00000000ea600000, 0x00000000ea600000|100%| O|  |TAMS 0x00000000ea500000| PB 0x00000000ea500000| Untracked 
| 166|0x00000000ea600000, 0x00000000ea700000, 0x00000000ea700000|100%| O|  |TAMS 0x00000000ea600000| PB 0x00000000ea600000| Untracked 
| 167|0x00000000ea700000, 0x00000000ea800000, 0x00000000ea800000|100%| O|  |TAMS 0x00000000ea700000| PB 0x00000000ea700000| Untracked 
| 168|0x00000000ea800000, 0x00000000ea900000, 0x00000000ea900000|100%| O|  |TAMS 0x00000000ea800000| PB 0x00000000ea800000| Untracked 
| 169|0x00000000ea900000, 0x00000000eaa00000, 0x00000000eaa00000|100%| O|  |TAMS 0x00000000ea900000| PB 0x00000000ea900000| Untracked 
| 170|0x00000000eaa00000, 0x00000000eab00000, 0x00000000eab00000|100%| O|  |TAMS 0x00000000eaa00000| PB 0x00000000eaa00000| Untracked 
| 171|0x00000000eab00000, 0x00000000eac00000, 0x00000000eac00000|100%| O|  |TAMS 0x00000000eab00000| PB 0x00000000eab00000| Untracked 
| 172|0x00000000eac00000, 0x00000000ead00000, 0x00000000ead00000|100%| O|  |TAMS 0x00000000eac00000| PB 0x00000000eac00000| Untracked 
| 173|0x00000000ead00000, 0x00000000eae00000, 0x00000000eae00000|100%| O|  |TAMS 0x00000000ead00000| PB 0x00000000ead00000| Untracked 
| 174|0x00000000eae00000, 0x00000000eaf00000, 0x00000000eaf00000|100%| O|  |TAMS 0x00000000eae00000| PB 0x00000000eae00000| Untracked 
| 175|0x00000000eaf00000, 0x00000000eb000000, 0x00000000eb000000|100%| O|  |TAMS 0x00000000eaf00000| PB 0x00000000eaf00000| Untracked 
| 176|0x00000000eb000000, 0x00000000eb100000, 0x00000000eb100000|100%| O|  |TAMS 0x00000000eb000000| PB 0x00000000eb000000| Untracked 
| 177|0x00000000eb100000, 0x00000000eb200000, 0x00000000eb200000|100%| O|  |TAMS 0x00000000eb100000| PB 0x00000000eb100000| Untracked 
| 178|0x00000000eb200000, 0x00000000eb300000, 0x00000000eb300000|100%| O|  |TAMS 0x00000000eb200000| PB 0x00000000eb200000| Untracked 
| 179|0x00000000eb300000, 0x00000000eb400000, 0x00000000eb400000|100%| O|  |TAMS 0x00000000eb300000| PB 0x00000000eb300000| Untracked 
| 180|0x00000000eb400000, 0x00000000eb500000, 0x00000000eb500000|100%| O|  |TAMS 0x00000000eb400000| PB 0x00000000eb400000| Untracked 
| 181|0x00000000eb500000, 0x00000000eb600000, 0x00000000eb600000|100%| O|  |TAMS 0x00000000eb500000| PB 0x00000000eb500000| Untracked 
| 182|0x00000000eb600000, 0x00000000eb700000, 0x00000000eb700000|100%| O|  |TAMS 0x00000000eb600000| PB 0x00000000eb600000| Untracked 
| 183|0x00000000eb700000, 0x00000000eb800000, 0x00000000eb800000|100%| O|  |TAMS 0x00000000eb700000| PB 0x00000000eb700000| Untracked 
| 184|0x00000000eb800000, 0x00000000eb900000, 0x00000000eb900000|100%| O|  |TAMS 0x00000000eb800000| PB 0x00000000eb800000| Untracked 
| 185|0x00000000eb900000, 0x00000000eba00000, 0x00000000eba00000|100%| O|  |TAMS 0x00000000eb900000| PB 0x00000000eb900000| Untracked 
| 186|0x00000000eba00000, 0x00000000ebb00000, 0x00000000ebb00000|100%| O|  |TAMS 0x00000000eba00000| PB 0x00000000eba00000| Untracked 
| 187|0x00000000ebb00000, 0x00000000ebc00000, 0x00000000ebc00000|100%| O|  |TAMS 0x00000000ebb00000| PB 0x00000000ebb00000| Untracked 
| 188|0x00000000ebc00000, 0x00000000ebd00000, 0x00000000ebd00000|100%| O|  |TAMS 0x00000000ebc00000| PB 0x00000000ebc00000| Untracked 
| 189|0x00000000ebd00000, 0x00000000ebe00000, 0x00000000ebe00000|100%| O|  |TAMS 0x00000000ebd00000| PB 0x00000000ebd00000| Untracked 
| 190|0x00000000ebe00000, 0x00000000ebf00000, 0x00000000ebf00000|100%| O|  |TAMS 0x00000000ebe00000| PB 0x00000000ebe00000| Untracked 
| 191|0x00000000ebf00000, 0x00000000ec000000, 0x00000000ec000000|100%| O|  |TAMS 0x00000000ebf00000| PB 0x00000000ebf00000| Untracked 
| 192|0x00000000ec000000, 0x00000000ec100000, 0x00000000ec100000|100%| O|  |TAMS 0x00000000ec000000| PB 0x00000000ec000000| Untracked 
| 193|0x00000000ec100000, 0x00000000ec200000, 0x00000000ec200000|100%| O|  |TAMS 0x00000000ec100000| PB 0x00000000ec100000| Untracked 
| 194|0x00000000ec200000, 0x00000000ec300000, 0x00000000ec300000|100%| O|  |TAMS 0x00000000ec200000| PB 0x00000000ec200000| Untracked 
| 195|0x00000000ec300000, 0x00000000ec400000, 0x00000000ec400000|100%| O|  |TAMS 0x00000000ec300000| PB 0x00000000ec300000| Untracked 
| 196|0x00000000ec400000, 0x00000000ec500000, 0x00000000ec500000|100%| O|  |TAMS 0x00000000ec400000| PB 0x00000000ec400000| Untracked 
| 197|0x00000000ec500000, 0x00000000ec600000, 0x00000000ec600000|100%| O|  |TAMS 0x00000000ec500000| PB 0x00000000ec500000| Untracked 
| 198|0x00000000ec600000, 0x00000000ec700000, 0x00000000ec700000|100%| O|  |TAMS 0x00000000ec600000| PB 0x00000000ec600000| Untracked 
| 199|0x00000000ec700000, 0x00000000ec800000, 0x00000000ec800000|100%| O|  |TAMS 0x00000000ec700000| PB 0x00000000ec700000| Untracked 
| 200|0x00000000ec800000, 0x00000000ec900000, 0x00000000ec900000|100%| O|  |TAMS 0x00000000ec800000| PB 0x00000000ec800000| Untracked 
| 201|0x00000000ec900000, 0x00000000eca00000, 0x00000000eca00000|100%| O|  |TAMS 0x00000000ec900000| PB 0x00000000ec900000| Untracked 
| 202|0x00000000eca00000, 0x00000000ecb00000, 0x00000000ecb00000|100%| O|  |TAMS 0x00000000eca00000| PB 0x00000000eca00000| Untracked 
| 203|0x00000000ecb00000, 0x00000000ecb00000, 0x00000000ecc00000|  0%| F|  |TAMS 0x00000000ecb00000| PB 0x00000000ecb00000| Untracked 
| 204|0x00000000ecc00000, 0x00000000ecd00000, 0x00000000ecd00000|100%| O|  |TAMS 0x00000000ecc00000| PB 0x00000000ecc00000| Untracked 
| 205|0x00000000ecd00000, 0x00000000ece00000, 0x00000000ece00000|100%| O|  |TAMS 0x00000000ecd00000| PB 0x00000000ecd00000| Untracked 
| 206|0x00000000ece00000, 0x00000000ecf00000, 0x00000000ecf00000|100%| O|  |TAMS 0x00000000ece00000| PB 0x00000000ece00000| Untracked 
| 207|0x00000000ecf00000, 0x00000000ed000000, 0x00000000ed000000|100%| O|  |TAMS 0x00000000ecf00000| PB 0x00000000ecf00000| Untracked 
| 208|0x00000000ed000000, 0x00000000ed100000, 0x00000000ed100000|100%| O|  |TAMS 0x00000000ed000000| PB 0x00000000ed000000| Untracked 
| 209|0x00000000ed100000, 0x00000000ed200000, 0x00000000ed200000|100%| O|  |TAMS 0x00000000ed100000| PB 0x00000000ed100000| Untracked 
| 210|0x00000000ed200000, 0x00000000ed300000, 0x00000000ed300000|100%| O|  |TAMS 0x00000000ed200000| PB 0x00000000ed200000| Untracked 
| 211|0x00000000ed300000, 0x00000000ed400000, 0x00000000ed400000|100%| O|  |TAMS 0x00000000ed300000| PB 0x00000000ed300000| Untracked 
| 212|0x00000000ed400000, 0x00000000ed500000, 0x00000000ed500000|100%| O|  |TAMS 0x00000000ed400000| PB 0x00000000ed400000| Untracked 
| 213|0x00000000ed500000, 0x00000000ed600000, 0x00000000ed600000|100%| O|  |TAMS 0x00000000ed500000| PB 0x00000000ed500000| Untracked 
| 214|0x00000000ed600000, 0x00000000ed700000, 0x00000000ed700000|100%| O|  |TAMS 0x00000000ed600000| PB 0x00000000ed600000| Untracked 
| 215|0x00000000ed700000, 0x00000000ed800000, 0x00000000ed800000|100%| O|  |TAMS 0x00000000ed700000| PB 0x00000000ed700000| Untracked 
| 216|0x00000000ed800000, 0x00000000ed900000, 0x00000000ed900000|100%| O|  |TAMS 0x00000000ed800000| PB 0x00000000ed800000| Untracked 
| 217|0x00000000ed900000, 0x00000000eda00000, 0x00000000eda00000|100%| O|  |TAMS 0x00000000ed900000| PB 0x00000000ed900000| Untracked 
| 218|0x00000000eda00000, 0x00000000edb00000, 0x00000000edb00000|100%| O|  |TAMS 0x00000000eda00000| PB 0x00000000eda00000| Untracked 
| 219|0x00000000edb00000, 0x00000000edc00000, 0x00000000edc00000|100%| O|  |TAMS 0x00000000edb00000| PB 0x00000000edb00000| Untracked 
| 220|0x00000000edc00000, 0x00000000edd00000, 0x00000000edd00000|100%| O|  |TAMS 0x00000000edc00000| PB 0x00000000edc00000| Untracked 
| 221|0x00000000edd00000, 0x00000000ede00000, 0x00000000ede00000|100%| O|  |TAMS 0x00000000edd00000| PB 0x00000000edd00000| Untracked 
| 222|0x00000000ede00000, 0x00000000edf00000, 0x00000000edf00000|100%| O|  |TAMS 0x00000000ede00000| PB 0x00000000ede00000| Untracked 
| 223|0x00000000edf00000, 0x00000000ee000000, 0x00000000ee000000|100%| O|  |TAMS 0x00000000edf00000| PB 0x00000000edf00000| Untracked 
| 224|0x00000000ee000000, 0x00000000ee000000, 0x00000000ee100000|  0%| F|  |TAMS 0x00000000ee000000| PB 0x00000000ee000000| Untracked 
| 225|0x00000000ee100000, 0x00000000ee200000, 0x00000000ee200000|100%| O|  |TAMS 0x00000000ee100000| PB 0x00000000ee100000| Untracked 
| 226|0x00000000ee200000, 0x00000000ee300000, 0x00000000ee300000|100%| O|  |TAMS 0x00000000ee200000| PB 0x00000000ee200000| Untracked 
| 227|0x00000000ee300000, 0x00000000ee300000, 0x00000000ee400000|  0%| F|  |TAMS 0x00000000ee300000| PB 0x00000000ee300000| Untracked 
| 228|0x00000000ee400000, 0x00000000ee400000, 0x00000000ee500000|  0%| F|  |TAMS 0x00000000ee400000| PB 0x00000000ee400000| Untracked 
| 229|0x00000000ee500000, 0x00000000ee500000, 0x00000000ee600000|  0%| F|  |TAMS 0x00000000ee500000| PB 0x00000000ee500000| Untracked 
| 230|0x00000000ee600000, 0x00000000ee600000, 0x00000000ee700000|  0%| F|  |TAMS 0x00000000ee600000| PB 0x00000000ee600000| Untracked 
| 231|0x00000000ee700000, 0x00000000ee700000, 0x00000000ee800000|  0%| F|  |TAMS 0x00000000ee700000| PB 0x00000000ee700000| Untracked 
| 232|0x00000000ee800000, 0x00000000ee800000, 0x00000000ee900000|  0%| F|  |TAMS 0x00000000ee800000| PB 0x00000000ee800000| Untracked 
| 233|0x00000000ee900000, 0x00000000ee900000, 0x00000000eea00000|  0%| F|  |TAMS 0x00000000ee900000| PB 0x00000000ee900000| Untracked 
| 234|0x00000000eea00000, 0x00000000eea00000, 0x00000000eeb00000|  0%| F|  |TAMS 0x00000000eea00000| PB 0x00000000eea00000| Untracked 
| 235|0x00000000eeb00000, 0x00000000eeb00000, 0x00000000eec00000|  0%| F|  |TAMS 0x00000000eeb00000| PB 0x00000000eeb00000| Untracked 
| 236|0x00000000eec00000, 0x00000000eec00000, 0x00000000eed00000|  0%| F|  |TAMS 0x00000000eec00000| PB 0x00000000eec00000| Untracked 
| 237|0x00000000eed00000, 0x00000000eed00000, 0x00000000eee00000|  0%| F|  |TAMS 0x00000000eed00000| PB 0x00000000eed00000| Untracked 
| 238|0x00000000eee00000, 0x00000000eee00000, 0x00000000eef00000|  0%| F|  |TAMS 0x00000000eee00000| PB 0x00000000eee00000| Untracked 
| 239|0x00000000eef00000, 0x00000000eef00000, 0x00000000ef000000|  0%| F|  |TAMS 0x00000000eef00000| PB 0x00000000eef00000| Untracked 
| 240|0x00000000ef000000, 0x00000000ef000000, 0x00000000ef100000|  0%| F|  |TAMS 0x00000000ef000000| PB 0x00000000ef000000| Untracked 
| 241|0x00000000ef100000, 0x00000000ef100000, 0x00000000ef200000|  0%| F|  |TAMS 0x00000000ef100000| PB 0x00000000ef100000| Untracked 
| 242|0x00000000ef200000, 0x00000000ef200000, 0x00000000ef300000|  0%| F|  |TAMS 0x00000000ef200000| PB 0x00000000ef200000| Untracked 
| 243|0x00000000ef300000, 0x00000000ef300000, 0x00000000ef400000|  0%| F|  |TAMS 0x00000000ef300000| PB 0x00000000ef300000| Untracked 
| 244|0x00000000ef400000, 0x00000000ef400000, 0x00000000ef500000|  0%| F|  |TAMS 0x00000000ef400000| PB 0x00000000ef400000| Untracked 
| 245|0x00000000ef500000, 0x00000000ef500000, 0x00000000ef600000|  0%| F|  |TAMS 0x00000000ef500000| PB 0x00000000ef500000| Untracked 
| 246|0x00000000ef600000, 0x00000000ef600000, 0x00000000ef700000|  0%| F|  |TAMS 0x00000000ef600000| PB 0x00000000ef600000| Untracked 
| 247|0x00000000ef700000, 0x00000000ef700000, 0x00000000ef800000|  0%| F|  |TAMS 0x00000000ef700000| PB 0x00000000ef700000| Untracked 
| 248|0x00000000ef800000, 0x00000000ef800000, 0x00000000ef900000|  0%| F|  |TAMS 0x00000000ef800000| PB 0x00000000ef800000| Untracked 
| 249|0x00000000ef900000, 0x00000000ef971b30, 0x00000000efa00000| 44%| S|CS|TAMS 0x00000000ef900000| PB 0x00000000ef900000| Complete 
| 250|0x00000000efa00000, 0x00000000efb00000, 0x00000000efb00000|100%| S|CS|TAMS 0x00000000efa00000| PB 0x00000000efa00000| Complete 
| 251|0x00000000efb00000, 0x00000000efc00000, 0x00000000efc00000|100%| S|CS|TAMS 0x00000000efb00000| PB 0x00000000efb00000| Complete 
| 252|0x00000000efc00000, 0x00000000efd00000, 0x00000000efd00000|100%| S|CS|TAMS 0x00000000efc00000| PB 0x00000000efc00000| Complete 
| 253|0x00000000efd00000, 0x00000000efe00000, 0x00000000efe00000|100%| S|CS|TAMS 0x00000000efd00000| PB 0x00000000efd00000| Complete 
| 254|0x00000000efe00000, 0x00000000eff00000, 0x00000000eff00000|100%| S|CS|TAMS 0x00000000efe00000| PB 0x00000000efe00000| Complete 
| 255|0x00000000eff00000, 0x00000000f0000000, 0x00000000f0000000|100%| S|CS|TAMS 0x00000000eff00000| PB 0x00000000eff00000| Complete 
| 256|0x00000000f0000000, 0x00000000f0000000, 0x00000000f0100000|  0%| F|  |TAMS 0x00000000f0000000| PB 0x00000000f0000000| Untracked 
| 257|0x00000000f0100000, 0x00000000f0100000, 0x00000000f0200000|  0%| F|  |TAMS 0x00000000f0100000| PB 0x00000000f0100000| Untracked 
| 258|0x00000000f0200000, 0x00000000f0200000, 0x00000000f0300000|  0%| F|  |TAMS 0x00000000f0200000| PB 0x00000000f0200000| Untracked 
| 259|0x00000000f0300000, 0x00000000f0300000, 0x00000000f0400000|  0%| F|  |TAMS 0x00000000f0300000| PB 0x00000000f0300000| Untracked 
| 260|0x00000000f0400000, 0x00000000f0400000, 0x00000000f0500000|  0%| F|  |TAMS 0x00000000f0400000| PB 0x00000000f0400000| Untracked 
| 261|0x00000000f0500000, 0x00000000f0500000, 0x00000000f0600000|  0%| F|  |TAMS 0x00000000f0500000| PB 0x00000000f0500000| Untracked 
| 262|0x00000000f0600000, 0x00000000f0600000, 0x00000000f0700000|  0%| F|  |TAMS 0x00000000f0600000| PB 0x00000000f0600000| Untracked 
| 263|0x00000000f0700000, 0x00000000f0700000, 0x00000000f0800000|  0%| F|  |TAMS 0x00000000f0700000| PB 0x00000000f0700000| Untracked 
| 264|0x00000000f0800000, 0x00000000f0800000, 0x00000000f0900000|  0%| F|  |TAMS 0x00000000f0800000| PB 0x00000000f0800000| Untracked 
| 265|0x00000000f0900000, 0x00000000f0a00000, 0x00000000f0a00000|100%| E|  |TAMS 0x00000000f0900000| PB 0x00000000f0900000| Complete 
| 266|0x00000000f0a00000, 0x00000000f0b00000, 0x00000000f0b00000|100%| E|CS|TAMS 0x00000000f0a00000| PB 0x00000000f0a00000| Complete 
| 267|0x00000000f0b00000, 0x00000000f0c00000, 0x00000000f0c00000|100%| E|CS|TAMS 0x00000000f0b00000| PB 0x00000000f0b00000| Complete 
| 268|0x00000000f0c00000, 0x00000000f0d00000, 0x00000000f0d00000|100%| E|CS|TAMS 0x00000000f0c00000| PB 0x00000000f0c00000| Complete 
| 269|0x00000000f0d00000, 0x00000000f0e00000, 0x00000000f0e00000|100%| E|CS|TAMS 0x00000000f0d00000| PB 0x00000000f0d00000| Complete 
| 270|0x00000000f0e00000, 0x00000000f0f00000, 0x00000000f0f00000|100%| E|CS|TAMS 0x00000000f0e00000| PB 0x00000000f0e00000| Complete 
| 271|0x00000000f0f00000, 0x00000000f1000000, 0x00000000f1000000|100%| E|CS|TAMS 0x00000000f0f00000| PB 0x00000000f0f00000| Complete 
| 272|0x00000000f1000000, 0x00000000f1100000, 0x00000000f1100000|100%| E|CS|TAMS 0x00000000f1000000| PB 0x00000000f1000000| Complete 
| 273|0x00000000f1100000, 0x00000000f1200000, 0x00000000f1200000|100%| E|CS|TAMS 0x00000000f1100000| PB 0x00000000f1100000| Complete 
| 274|0x00000000f1200000, 0x00000000f1300000, 0x00000000f1300000|100%| E|CS|TAMS 0x00000000f1200000| PB 0x00000000f1200000| Complete 
| 275|0x00000000f1300000, 0x00000000f1400000, 0x00000000f1400000|100%| E|CS|TAMS 0x00000000f1300000| PB 0x00000000f1300000| Complete 
| 276|0x00000000f1400000, 0x00000000f1500000, 0x00000000f1500000|100%| E|CS|TAMS 0x00000000f1400000| PB 0x00000000f1400000| Complete 
| 277|0x00000000f1500000, 0x00000000f1600000, 0x00000000f1600000|100%| E|CS|TAMS 0x00000000f1500000| PB 0x00000000f1500000| Complete 
| 278|0x00000000f1600000, 0x00000000f1700000, 0x00000000f1700000|100%| E|CS|TAMS 0x00000000f1600000| PB 0x00000000f1600000| Complete 
| 279|0x00000000f1700000, 0x00000000f1800000, 0x00000000f1800000|100%| E|CS|TAMS 0x00000000f1700000| PB 0x00000000f1700000| Complete 
| 280|0x00000000f1800000, 0x00000000f1900000, 0x00000000f1900000|100%| E|CS|TAMS 0x00000000f1800000| PB 0x00000000f1800000| Complete 
| 281|0x00000000f1900000, 0x00000000f1a00000, 0x00000000f1a00000|100%| E|CS|TAMS 0x00000000f1900000| PB 0x00000000f1900000| Complete 
| 282|0x00000000f1a00000, 0x00000000f1b00000, 0x00000000f1b00000|100%| E|CS|TAMS 0x00000000f1a00000| PB 0x00000000f1a00000| Complete 
| 283|0x00000000f1b00000, 0x00000000f1c00000, 0x00000000f1c00000|100%| E|CS|TAMS 0x00000000f1b00000| PB 0x00000000f1b00000| Complete 
| 284|0x00000000f1c00000, 0x00000000f1d00000, 0x00000000f1d00000|100%| E|CS|TAMS 0x00000000f1c00000| PB 0x00000000f1c00000| Complete 
| 285|0x00000000f1d00000, 0x00000000f1e00000, 0x00000000f1e00000|100%| E|CS|TAMS 0x00000000f1d00000| PB 0x00000000f1d00000| Complete 
| 286|0x00000000f1e00000, 0x00000000f1f00000, 0x00000000f1f00000|100%| E|CS|TAMS 0x00000000f1e00000| PB 0x00000000f1e00000| Complete 
| 287|0x00000000f1f00000, 0x00000000f2000000, 0x00000000f2000000|100%| E|CS|TAMS 0x00000000f1f00000| PB 0x00000000f1f00000| Complete 
| 288|0x00000000f2000000, 0x00000000f2100000, 0x00000000f2100000|100%| E|CS|TAMS 0x00000000f2000000| PB 0x00000000f2000000| Complete 
| 289|0x00000000f2100000, 0x00000000f2200000, 0x00000000f2200000|100%| E|CS|TAMS 0x00000000f2100000| PB 0x00000000f2100000| Complete 
| 290|0x00000000f2200000, 0x00000000f2300000, 0x00000000f2300000|100%| E|CS|TAMS 0x00000000f2200000| PB 0x00000000f2200000| Complete 
| 291|0x00000000f2300000, 0x00000000f2400000, 0x00000000f2400000|100%| E|CS|TAMS 0x00000000f2300000| PB 0x00000000f2300000| Complete 
| 292|0x00000000f2400000, 0x00000000f2500000, 0x00000000f2500000|100%| E|CS|TAMS 0x00000000f2400000| PB 0x00000000f2400000| Complete 
| 293|0x00000000f2500000, 0x00000000f2600000, 0x00000000f2600000|100%| E|CS|TAMS 0x00000000f2500000| PB 0x00000000f2500000| Complete 
| 294|0x00000000f2600000, 0x00000000f2700000, 0x00000000f2700000|100%| E|CS|TAMS 0x00000000f2600000| PB 0x00000000f2600000| Complete 
| 295|0x00000000f2700000, 0x00000000f2800000, 0x00000000f2800000|100%| E|CS|TAMS 0x00000000f2700000| PB 0x00000000f2700000| Complete 
| 296|0x00000000f2800000, 0x00000000f2900000, 0x00000000f2900000|100%| E|CS|TAMS 0x00000000f2800000| PB 0x00000000f2800000| Complete 
| 297|0x00000000f2900000, 0x00000000f2a00000, 0x00000000f2a00000|100%| E|CS|TAMS 0x00000000f2900000| PB 0x00000000f2900000| Complete 
| 298|0x00000000f2a00000, 0x00000000f2b00000, 0x00000000f2b00000|100%| E|CS|TAMS 0x00000000f2a00000| PB 0x00000000f2a00000| Complete 
| 299|0x00000000f2b00000, 0x00000000f2c00000, 0x00000000f2c00000|100%| E|CS|TAMS 0x00000000f2b00000| PB 0x00000000f2b00000| Complete 
| 300|0x00000000f2c00000, 0x00000000f2d00000, 0x00000000f2d00000|100%| E|CS|TAMS 0x00000000f2c00000| PB 0x00000000f2c00000| Complete 
| 301|0x00000000f2d00000, 0x00000000f2e00000, 0x00000000f2e00000|100%| E|CS|TAMS 0x00000000f2d00000| PB 0x00000000f2d00000| Complete 
| 302|0x00000000f2e00000, 0x00000000f2f00000, 0x00000000f2f00000|100%| E|CS|TAMS 0x00000000f2e00000| PB 0x00000000f2e00000| Complete 
| 303|0x00000000f2f00000, 0x00000000f3000000, 0x00000000f3000000|100%| E|CS|TAMS 0x00000000f2f00000| PB 0x00000000f2f00000| Complete 
| 304|0x00000000f3000000, 0x00000000f3100000, 0x00000000f3100000|100%| E|CS|TAMS 0x00000000f3000000| PB 0x00000000f3000000| Complete 
| 305|0x00000000f3100000, 0x00000000f3200000, 0x00000000f3200000|100%| E|CS|TAMS 0x00000000f3100000| PB 0x00000000f3100000| Complete 
| 306|0x00000000f3200000, 0x00000000f3300000, 0x00000000f3300000|100%| E|CS|TAMS 0x00000000f3200000| PB 0x00000000f3200000| Complete 
| 307|0x00000000f3300000, 0x00000000f3400000, 0x00000000f3400000|100%| E|CS|TAMS 0x00000000f3300000| PB 0x00000000f3300000| Complete 
| 308|0x00000000f3400000, 0x00000000f3500000, 0x00000000f3500000|100%| E|CS|TAMS 0x00000000f3400000| PB 0x00000000f3400000| Complete 
| 309|0x00000000f3500000, 0x00000000f3600000, 0x00000000f3600000|100%| E|CS|TAMS 0x00000000f3500000| PB 0x00000000f3500000| Complete 
| 310|0x00000000f3600000, 0x00000000f3700000, 0x00000000f3700000|100%| E|CS|TAMS 0x00000000f3600000| PB 0x00000000f3600000| Complete 
| 311|0x00000000f3700000, 0x00000000f3800000, 0x00000000f3800000|100%| E|CS|TAMS 0x00000000f3700000| PB 0x00000000f3700000| Complete 
| 312|0x00000000f3800000, 0x00000000f3900000, 0x00000000f3900000|100%| E|CS|TAMS 0x00000000f3800000| PB 0x00000000f3800000| Complete 
| 313|0x00000000f3900000, 0x00000000f3a00000, 0x00000000f3a00000|100%| E|CS|TAMS 0x00000000f3900000| PB 0x00000000f3900000| Complete 
| 314|0x00000000f3a00000, 0x00000000f3b00000, 0x00000000f3b00000|100%| E|CS|TAMS 0x00000000f3a00000| PB 0x00000000f3a00000| Complete 
| 315|0x00000000f3b00000, 0x00000000f3c00000, 0x00000000f3c00000|100%| E|CS|TAMS 0x00000000f3b00000| PB 0x00000000f3b00000| Complete 
| 316|0x00000000f3c00000, 0x00000000f3d00000, 0x00000000f3d00000|100%| E|CS|TAMS 0x00000000f3c00000| PB 0x00000000f3c00000| Complete 
| 317|0x00000000f3d00000, 0x00000000f3e00000, 0x00000000f3e00000|100%| E|CS|TAMS 0x00000000f3d00000| PB 0x00000000f3d00000| Complete 
| 318|0x00000000f3e00000, 0x00000000f3f00000, 0x00000000f3f00000|100%| E|CS|TAMS 0x00000000f3e00000| PB 0x00000000f3e00000| Complete 
| 319|0x00000000f3f00000, 0x00000000f4000000, 0x00000000f4000000|100%| E|CS|TAMS 0x00000000f3f00000| PB 0x00000000f3f00000| Complete 
| 320|0x00000000f4000000, 0x00000000f4100000, 0x00000000f4100000|100%| E|CS|TAMS 0x00000000f4000000| PB 0x00000000f4000000| Complete 
| 321|0x00000000f4100000, 0x00000000f4200000, 0x00000000f4200000|100%| E|CS|TAMS 0x00000000f4100000| PB 0x00000000f4100000| Complete 
| 322|0x00000000f4200000, 0x00000000f4300000, 0x00000000f4300000|100%| E|CS|TAMS 0x00000000f4200000| PB 0x00000000f4200000| Complete 
| 323|0x00000000f4300000, 0x00000000f4400000, 0x00000000f4400000|100%| E|CS|TAMS 0x00000000f4300000| PB 0x00000000f4300000| Complete 
| 324|0x00000000f4400000, 0x00000000f4500000, 0x00000000f4500000|100%| E|CS|TAMS 0x00000000f4400000| PB 0x00000000f4400000| Complete 
| 325|0x00000000f4500000, 0x00000000f4600000, 0x00000000f4600000|100%| E|CS|TAMS 0x00000000f4500000| PB 0x00000000f4500000| Complete 
| 326|0x00000000f4600000, 0x00000000f4700000, 0x00000000f4700000|100%| E|CS|TAMS 0x00000000f4600000| PB 0x00000000f4600000| Complete 
| 327|0x00000000f4700000, 0x00000000f4800000, 0x00000000f4800000|100%| E|CS|TAMS 0x00000000f4700000| PB 0x00000000f4700000| Complete 
| 328|0x00000000f4800000, 0x00000000f4900000, 0x00000000f4900000|100%| E|CS|TAMS 0x00000000f4800000| PB 0x00000000f4800000| Complete 
| 329|0x00000000f4900000, 0x00000000f4a00000, 0x00000000f4a00000|100%| E|CS|TAMS 0x00000000f4900000| PB 0x00000000f4900000| Complete 
| 330|0x00000000f4a00000, 0x00000000f4b00000, 0x00000000f4b00000|100%| E|CS|TAMS 0x00000000f4a00000| PB 0x00000000f4a00000| Complete 
| 331|0x00000000f4b00000, 0x00000000f4c00000, 0x00000000f4c00000|100%| E|CS|TAMS 0x00000000f4b00000| PB 0x00000000f4b00000| Complete 
| 332|0x00000000f4c00000, 0x00000000f4d00000, 0x00000000f4d00000|100%| E|CS|TAMS 0x00000000f4c00000| PB 0x00000000f4c00000| Complete 
| 333|0x00000000f4d00000, 0x00000000f4e00000, 0x00000000f4e00000|100%| E|CS|TAMS 0x00000000f4d00000| PB 0x00000000f4d00000| Complete 
| 334|0x00000000f4e00000, 0x00000000f4f00000, 0x00000000f4f00000|100%| E|CS|TAMS 0x00000000f4e00000| PB 0x00000000f4e00000| Complete 
| 335|0x00000000f4f00000, 0x00000000f5000000, 0x00000000f5000000|100%| E|CS|TAMS 0x00000000f4f00000| PB 0x00000000f4f00000| Complete 
| 336|0x00000000f5000000, 0x00000000f5100000, 0x00000000f5100000|100%| E|CS|TAMS 0x00000000f5000000| PB 0x00000000f5000000| Complete 
| 337|0x00000000f5100000, 0x00000000f5200000, 0x00000000f5200000|100%| E|CS|TAMS 0x00000000f5100000| PB 0x00000000f5100000| Complete 
| 338|0x00000000f5200000, 0x00000000f5300000, 0x00000000f5300000|100%| E|CS|TAMS 0x00000000f5200000| PB 0x00000000f5200000| Complete 
| 339|0x00000000f5300000, 0x00000000f5400000, 0x00000000f5400000|100%| E|CS|TAMS 0x00000000f5300000| PB 0x00000000f5300000| Complete 
| 340|0x00000000f5400000, 0x00000000f5500000, 0x00000000f5500000|100%| E|CS|TAMS 0x00000000f5400000| PB 0x00000000f5400000| Complete 
| 341|0x00000000f5500000, 0x00000000f5600000, 0x00000000f5600000|100%| E|CS|TAMS 0x00000000f5500000| PB 0x00000000f5500000| Complete 
| 342|0x00000000f5600000, 0x00000000f5700000, 0x00000000f5700000|100%| E|CS|TAMS 0x00000000f5600000| PB 0x00000000f5600000| Complete 
| 343|0x00000000f5700000, 0x00000000f5800000, 0x00000000f5800000|100%| E|CS|TAMS 0x00000000f5700000| PB 0x00000000f5700000| Complete 
| 344|0x00000000f5800000, 0x00000000f5900000, 0x00000000f5900000|100%| E|CS|TAMS 0x00000000f5800000| PB 0x00000000f5800000| Complete 
| 345|0x00000000f5900000, 0x00000000f5a00000, 0x00000000f5a00000|100%| E|CS|TAMS 0x00000000f5900000| PB 0x00000000f5900000| Complete 
| 346|0x00000000f5a00000, 0x00000000f5b00000, 0x00000000f5b00000|100%| E|CS|TAMS 0x00000000f5a00000| PB 0x00000000f5a00000| Complete 
| 347|0x00000000f5b00000, 0x00000000f5c00000, 0x00000000f5c00000|100%| E|CS|TAMS 0x00000000f5b00000| PB 0x00000000f5b00000| Complete 
| 348|0x00000000f5c00000, 0x00000000f5d00000, 0x00000000f5d00000|100%| E|CS|TAMS 0x00000000f5c00000| PB 0x00000000f5c00000| Complete 
| 349|0x00000000f5d00000, 0x00000000f5e00000, 0x00000000f5e00000|100%| E|CS|TAMS 0x00000000f5d00000| PB 0x00000000f5d00000| Complete 
| 350|0x00000000f5e00000, 0x00000000f5f00000, 0x00000000f5f00000|100%| E|CS|TAMS 0x00000000f5e00000| PB 0x00000000f5e00000| Complete 
| 351|0x00000000f5f00000, 0x00000000f6000000, 0x00000000f6000000|100%| E|CS|TAMS 0x00000000f5f00000| PB 0x00000000f5f00000| Complete 
| 352|0x00000000f6000000, 0x00000000f6100000, 0x00000000f6100000|100%| E|CS|TAMS 0x00000000f6000000| PB 0x00000000f6000000| Complete 
| 353|0x00000000f6100000, 0x00000000f6200000, 0x00000000f6200000|100%| E|CS|TAMS 0x00000000f6100000| PB 0x00000000f6100000| Complete 
| 354|0x00000000f6200000, 0x00000000f6300000, 0x00000000f6300000|100%| E|CS|TAMS 0x00000000f6200000| PB 0x00000000f6200000| Complete 
| 355|0x00000000f6300000, 0x00000000f6400000, 0x00000000f6400000|100%| E|CS|TAMS 0x00000000f6300000| PB 0x00000000f6300000| Complete 
| 356|0x00000000f6400000, 0x00000000f6500000, 0x00000000f6500000|100%| E|CS|TAMS 0x00000000f6400000| PB 0x00000000f6400000| Complete 
| 357|0x00000000f6500000, 0x00000000f6600000, 0x00000000f6600000|100%| E|CS|TAMS 0x00000000f6500000| PB 0x00000000f6500000| Complete 
| 480|0x00000000fe000000, 0x00000000fe100000, 0x00000000fe100000|100%| E|CS|TAMS 0x00000000fe000000| PB 0x00000000fe000000| Complete 
| 481|0x00000000fe100000, 0x00000000fe200000, 0x00000000fe200000|100%| O|  |TAMS 0x00000000fe100000| PB 0x00000000fe100000| Untracked 
| 482|0x00000000fe200000, 0x00000000fe300000, 0x00000000fe300000|100%| O|  |TAMS 0x00000000fe200000| PB 0x00000000fe200000| Untracked 
| 483|0x00000000fe300000, 0x00000000fe400000, 0x00000000fe400000|100%| E|CS|TAMS 0x00000000fe300000| PB 0x00000000fe300000| Complete 
| 484|0x00000000fe400000, 0x00000000fe500000, 0x00000000fe500000|100%| O|  |TAMS 0x00000000fe400000| PB 0x00000000fe400000| Untracked 
| 485|0x00000000fe500000, 0x00000000fe600000, 0x00000000fe600000|100%| E|CS|TAMS 0x00000000fe500000| PB 0x00000000fe500000| Complete 
| 486|0x00000000fe600000, 0x00000000fe700000, 0x00000000fe700000|100%| O|  |TAMS 0x00000000fe600000| PB 0x00000000fe600000| Untracked 
| 487|0x00000000fe700000, 0x00000000fe800000, 0x00000000fe800000|100%| O|  |TAMS 0x00000000fe700000| PB 0x00000000fe700000| Untracked 
| 488|0x00000000fe800000, 0x00000000fe900000, 0x00000000fe900000|100%| E|CS|TAMS 0x00000000fe800000| PB 0x00000000fe800000| Complete 
| 489|0x00000000fe900000, 0x00000000fea00000, 0x00000000fea00000|100%| E|CS|TAMS 0x00000000fe900000| PB 0x00000000fe900000| Complete 
| 490|0x00000000fea00000, 0x00000000feb00000, 0x00000000feb00000|100%| E|CS|TAMS 0x00000000fea00000| PB 0x00000000fea00000| Complete 
| 491|0x00000000feb00000, 0x00000000fec00000, 0x00000000fec00000|100%| E|CS|TAMS 0x00000000feb00000| PB 0x00000000feb00000| Complete 
| 492|0x00000000fec00000, 0x00000000fed00000, 0x00000000fed00000|100%| E|CS|TAMS 0x00000000fec00000| PB 0x00000000fec00000| Complete 
| 493|0x00000000fed00000, 0x00000000fee00000, 0x00000000fee00000|100%| E|CS|TAMS 0x00000000fed00000| PB 0x00000000fed00000| Complete 
| 494|0x00000000fee00000, 0x00000000fef00000, 0x00000000fef00000|100%| E|CS|TAMS 0x00000000fee00000| PB 0x00000000fee00000| Complete 
| 495|0x00000000fef00000, 0x00000000ff000000, 0x00000000ff000000|100%| E|CS|TAMS 0x00000000fef00000| PB 0x00000000fef00000| Complete 
| 496|0x00000000ff000000, 0x00000000ff100000, 0x00000000ff100000|100%| O|  |TAMS 0x00000000ff000000| PB 0x00000000ff000000| Untracked 
| 497|0x00000000ff100000, 0x00000000ff200000, 0x00000000ff200000|100%| E|CS|TAMS 0x00000000ff100000| PB 0x00000000ff100000| Complete 
| 498|0x00000000ff200000, 0x00000000ff300000, 0x00000000ff300000|100%| E|CS|TAMS 0x00000000ff200000| PB 0x00000000ff200000| Complete 
| 499|0x00000000ff300000, 0x00000000ff400000, 0x00000000ff400000|100%| E|CS|TAMS 0x00000000ff300000| PB 0x00000000ff300000| Complete 
| 500|0x00000000ff400000, 0x00000000ff500000, 0x00000000ff500000|100%| E|CS|TAMS 0x00000000ff400000| PB 0x00000000ff400000| Complete 
| 501|0x00000000ff500000, 0x00000000ff600000, 0x00000000ff600000|100%| E|CS|TAMS 0x00000000ff500000| PB 0x00000000ff500000| Complete 
| 502|0x00000000ff600000, 0x00000000ff700000, 0x00000000ff700000|100%| O|  |TAMS 0x00000000ff600000| PB 0x00000000ff600000| Untracked 
| 503|0x00000000ff700000, 0x00000000ff800000, 0x00000000ff800000|100%| E|CS|TAMS 0x00000000ff700000| PB 0x00000000ff700000| Complete 
| 504|0x00000000ff800000, 0x00000000ff900000, 0x00000000ff900000|100%| E|CS|TAMS 0x00000000ff800000| PB 0x00000000ff800000| Complete 
| 505|0x00000000ff900000, 0x00000000ffa00000, 0x00000000ffa00000|100%| E|CS|TAMS 0x00000000ff900000| PB 0x00000000ff900000| Complete 
| 506|0x00000000ffa00000, 0x00000000ffb00000, 0x00000000ffb00000|100%| E|CS|TAMS 0x00000000ffa00000| PB 0x00000000ffa00000| Complete 
| 507|0x00000000ffb00000, 0x00000000ffc00000, 0x00000000ffc00000|100%| E|CS|TAMS 0x00000000ffb00000| PB 0x00000000ffb00000| Complete 
| 508|0x00000000ffc00000, 0x00000000ffd00000, 0x00000000ffd00000|100%| E|CS|TAMS 0x00000000ffc00000| PB 0x00000000ffc00000| Complete 
| 509|0x00000000ffd00000, 0x00000000ffe00000, 0x00000000ffe00000|100%| E|CS|TAMS 0x00000000ffd00000| PB 0x00000000ffd00000| Complete 
| 510|0x00000000ffe00000, 0x00000000fff00000, 0x00000000fff00000|100%| O|  |TAMS 0x00000000ffe00000| PB 0x00000000ffe00000| Untracked 
| 511|0x00000000fff00000, 0x0000000100000000, 0x0000000100000000|100%| E|CS|TAMS 0x00000000fff00000| PB 0x00000000fff00000| Complete 

Card table byte_map: [0x0000000016590000,0x0000000016690000] _byte_map_base: 0x0000000015e90000

Marking Bits: (CMBitMap*) 0x000000000399b280
 Bits: [0x0000000016690000, 0x0000000016e90000)

Polling page: 0x00000000015f0000

Metaspace:

Usage:
  Non-class:    142.50 MB used.
      Class:     21.87 MB used.
       Both:    164.38 MB used.

Virtual space:
  Non-class space:      192.00 MB reserved,     143.69 MB ( 75%) committed,  3 nodes.
      Class space:      208.00 MB reserved,      23.00 MB ( 11%) committed,  1 nodes.
             Both:      400.00 MB reserved,     166.69 MB ( 42%) committed. 

Chunk freelists:
   Non-Class:  15.48 MB
       Class:  8.82 MB
        Both:  24.30 MB

MaxMetaspaceSize: 256.00 MB
CompressedClassSpaceSize: 208.00 MB
Initial GC threshold: 21.00 MB
Current GC threshold: 220.12 MB
CDS: on
 - commit_granule_bytes: 65536.
 - commit_granule_words: 8192.
 - virtual_space_node_default_size: 8388608.
 - enlarge_chunks_in_place: 1.
 - use_allocation_guard: 0.


Internal statistics:

num_allocs_failed_limit: 6.
num_arena_births: 4758.
num_arena_deaths: 0.
num_vsnodes_births: 4.
num_vsnodes_deaths: 0.
num_space_committed: 2665.
num_space_uncommitted: 0.
num_chunks_returned_to_freelist: 6.
num_chunks_taken_from_freelist: 11673.
num_chunk_merges: 3.
num_chunk_splits: 8450.
num_chunks_enlarged: 6128.
num_inconsistent_stats: 0.

CodeHeap 'non-profiled nmethods': size=120000Kb used=12130Kb max_used=12130Kb free=107869Kb
 bounds [0x000000000f060000, 0x000000000fc40000, 0x0000000016590000]
CodeHeap 'profiled nmethods': size=120000Kb used=38745Kb max_used=38745Kb free=81255Kb
 bounds [0x0000000007590000, 0x0000000009b70000, 0x000000000eac0000]
CodeHeap 'non-nmethods': size=5760Kb used=2576Kb max_used=2594Kb free=3183Kb
 bounds [0x000000000eac0000, 0x000000000ed50000, 0x000000000f060000]
CodeCache: size=245760Kb, used=53451Kb, max_used=53469Kb, free=192307Kb
 total_blobs=18170, nmethods=17050, adapters=1020, full_count=0
Compilation: enabled, stopped_count=0, restarted_count=0

Compilation events (20 events):
Event: 241.898 Thread 0x00000000197493b0 24737       3       org.gradle.internal.instantiation.generator.AsmBackedClassGenerator$ClassBuilderImpl$38::<init> (64 bytes)
Event: 241.899 Thread 0x00000000197493b0 nmethod 24737 0x0000000009b60e90 code [0x0000000009b610e0, 0x0000000009b61bb0]
Event: 241.901 Thread 0x00000000197493b0 24738       1       com.android.build.api.component.impl.ComponentImpl::getTaskContainer (5 bytes)
Event: 241.901 Thread 0x00000000197493b0 nmethod 24738 0x000000000fc38390 code [0x000000000fc38520, 0x000000000fc385e8]
Event: 241.905 Thread 0x00000000197493b0 24739       3       com.google.common.collect.RegularImmutableAsList::<init> (15 bytes)
Event: 241.905 Thread 0x00000000197493b0 nmethod 24739 0x0000000009b61f90 code [0x0000000009b62160, 0x0000000009b624f8]
Event: 241.910 Thread 0x00000000197493b0 24740       3       org.gradle.api.internal.artifacts.ivyservice.resolveengine.artifact.ArtifactBackedResolvedVariant::getAttributes (5 bytes)
Event: 241.910 Thread 0x00000000197493b0 nmethod 24740 0x0000000009b62690 code [0x0000000009b62820, 0x0000000009b62940]
Event: 241.911 Thread 0x00000000197493b0 24741       3       org.gradle.api.internal.attributes.DefaultImmutableAttributes::get (10 bytes)
Event: 241.911 Thread 0x00000000197493b0 nmethod 24741 0x0000000009b62a10 code [0x0000000009b62bc0, 0x0000000009b62d98]
Event: 241.915 Thread 0x00000000197493b0 24742       3       org.gradle.internal.component.model.MultipleCandidateMatcher::getValueIndex (14 bytes)
Event: 241.916 Thread 0x00000000197493b0 nmethod 24742 0x0000000009b62e90 code [0x0000000009b63040, 0x0000000009b63228]
Event: 241.916 Thread 0x00000000197493b0 24743       3       org.gradle.api.internal.attributes.DefaultAttributeMatchingStrategy_Decorated::getCompatibilityRules (39 bytes)
Event: 241.916 Thread 0x00000000197493b0 nmethod 24743 0x0000000009b63310 code [0x0000000009b634e0, 0x0000000009b63860]
Event: 241.916 Thread 0x00000000197493b0 24745       3       com.google.common.collect.IndexedImmutableSet$1::get (9 bytes)
Event: 241.916 Thread 0x00000000197493b0 nmethod 24745 0x0000000009b63990 code [0x0000000009b63b40, 0x0000000009b63d18]
Event: 241.916 Thread 0x00000000197493b0 24744       3       org.gradle.api.internal.attributes.DefaultImmutableAttributes::isPresent (13 bytes)
Event: 241.916 Thread 0x00000000197493b0 nmethod 24744 0x0000000009b63e10 code [0x0000000009b63fa0, 0x0000000009b64100]
Event: 241.917 Thread 0x00000000197493b0 24746       3       org.gradle.internal.operations.DefaultBuildOperationListenerManager$ProgressShieldingBuildOperationListener::finished (26 bytes)
Event: 241.918 Thread 0x00000000197493b0 nmethod 24746 0x0000000009b64190 code [0x0000000009b64360, 0x0000000009b64640]

GC Heap History (20 events):
Event: 220.881 GC heap before
{Heap before GC invocations=270 (full 0):
 garbage-first heap   total 280576K, used 251296K [0x00000000e0000000, 0x0000000100000000)
  region size 1024K, 87 young (89088K), 7 survivors (7168K)
 Metaspace       used 88709K, committed 90496K, reserved 344064K
  class space    used 12738K, committed 13632K, reserved 212992K
}
Event: 220.892 GC heap after
{Heap after GC invocations=271 (full 0):
 garbage-first heap   total 280576K, used 171516K [0x00000000e0000000, 0x0000000100000000)
  region size 1024K, 5 young (5120K), 5 survivors (5120K)
 Metaspace       used 88709K, committed 90496K, reserved 344064K
  class space    used 12738K, committed 13632K, reserved 212992K
}
Event: 224.645 GC heap before
{Heap before GC invocations=271 (full 0):
 garbage-first heap   total 280576K, used 255484K [0x00000000e0000000, 0x0000000100000000)
  region size 1024K, 87 young (89088K), 5 survivors (5120K)
 Metaspace       used 95551K, committed 97344K, reserved 344064K
  class space    used 13586K, committed 14464K, reserved 212992K
}
Event: 224.652 GC heap after
{Heap after GC invocations=272 (full 0):
 garbage-first heap   total 280576K, used 172652K [0x00000000e0000000, 0x0000000100000000)
  region size 1024K, 6 young (6144K), 6 survivors (6144K)
 Metaspace       used 95551K, committed 97344K, reserved 344064K
  class space    used 13586K, committed 14464K, reserved 212992K
}
Event: 225.541 GC heap before
{Heap before GC invocations=273 (full 0):
 garbage-first heap   total 288768K, used 264812K [0x00000000e0000000, 0x0000000100000000)
  region size 1024K, 90 young (92160K), 6 survivors (6144K)
 Metaspace       used 99178K, committed 101056K, reserved 344064K
  class space    used 14044K, committed 14976K, reserved 212992K
}
Event: 225.580 GC heap after
{Heap after GC invocations=274 (full 0):
 garbage-first heap   total 292864K, used 192653K [0x00000000e0000000, 0x0000000100000000)
  region size 1024K, 12 young (12288K), 12 survivors (12288K)
 Metaspace       used 99178K, committed 101056K, reserved 344064K
  class space    used 14044K, committed 14976K, reserved 212992K
}
Event: 226.301 GC heap before
{Heap before GC invocations=274 (full 0):
 garbage-first heap   total 292864K, used 270477K [0x00000000e0000000, 0x0000000100000000)
  region size 1024K, 81 young (82944K), 12 survivors (12288K)
 Metaspace       used 103146K, committed 105024K, reserved 344064K
  class space    used 14507K, committed 15424K, reserved 212992K
}
Event: 226.327 GC heap after
{Heap after GC invocations=275 (full 0):
 garbage-first heap   total 295936K, used 211968K [0x00000000e0000000, 0x0000000100000000)
  region size 1024K, 11 young (11264K), 11 survivors (11264K)
 Metaspace       used 103146K, committed 105024K, reserved 344064K
  class space    used 14507K, committed 15424K, reserved 212992K
}
Event: 227.136 GC heap before
{Heap before GC invocations=275 (full 0):
 garbage-first heap   total 295936K, used 270336K [0x00000000e0000000, 0x0000000100000000)
  region size 1024K, 68 young (69632K), 11 survivors (11264K)
 Metaspace       used 110051K, committed 112064K, reserved 344064K
  class space    used 15235K, committed 16256K, reserved 212992K
}
Event: 227.149 GC heap after
{Heap after GC invocations=276 (full 0):
 garbage-first heap   total 295936K, used 218624K [0x00000000e0000000, 0x0000000100000000)
  region size 1024K, 6 young (6144K), 6 survivors (6144K)
 Metaspace       used 110051K, committed 112064K, reserved 344064K
  class space    used 15235K, committed 16256K, reserved 212992K
}
Event: 228.281 GC heap before
{Heap before GC invocations=277 (full 0):
 garbage-first heap   total 365568K, used 273920K [0x00000000e0000000, 0x0000000100000000)
  region size 1024K, 60 young (61440K), 6 survivors (6144K)
 Metaspace       used 117227K, committed 119424K, reserved 344064K
  class space    used 16196K, committed 17280K, reserved 212992K
}
Event: 228.292 GC heap after
{Heap after GC invocations=278 (full 0):
 garbage-first heap   total 365568K, used 221092K [0x00000000e0000000, 0x0000000100000000)
  region size 1024K, 4 young (4096K), 4 survivors (4096K)
 Metaspace       used 117227K, committed 119424K, reserved 344064K
  class space    used 16196K, committed 17280K, reserved 212992K
}
Event: 229.751 GC heap before
{Heap before GC invocations=278 (full 0):
 garbage-first heap   total 365568K, used 328612K [0x00000000e0000000, 0x0000000100000000)
  region size 1024K, 108 young (110592K), 4 survivors (4096K)
 Metaspace       used 122608K, committed 124800K, reserved 344064K
  class space    used 16819K, committed 17920K, reserved 212992K
}
Event: 229.764 GC heap after
{Heap after GC invocations=279 (full 0):
 garbage-first heap   total 365568K, used 228186K [0x00000000e0000000, 0x0000000100000000)
  region size 1024K, 11 young (11264K), 11 survivors (11264K)
 Metaspace       used 122608K, committed 124800K, reserved 344064K
  class space    used 16819K, committed 17920K, reserved 212992K
}
Event: 232.550 GC heap before
{Heap before GC invocations=279 (full 0):
 garbage-first heap   total 365568K, used 331610K [0x00000000e0000000, 0x0000000100000000)
  region size 1024K, 112 young (114688K), 11 survivors (11264K)
 Metaspace       used 131139K, committed 133312K, reserved 344064K
  class space    used 17588K, committed 18688K, reserved 212992K
}
Event: 232.573 GC heap after
{Heap after GC invocations=280 (full 0):
 garbage-first heap   total 365568K, used 239105K [0x00000000e0000000, 0x0000000100000000)
  region size 1024K, 11 young (11264K), 11 survivors (11264K)
 Metaspace       used 131139K, committed 133312K, reserved 344064K
  class space    used 17588K, committed 18688K, reserved 212992K
}
Event: 234.752 GC heap before
{Heap before GC invocations=281 (full 0):
 garbage-first heap   total 399360K, used 335361K [0x00000000e0000000, 0x0000000100000000)
  region size 1024K, 105 young (107520K), 11 survivors (11264K)
 Metaspace       used 146160K, committed 148416K, reserved 344064K
  class space    used 19131K, committed 20224K, reserved 212992K
}
Event: 234.767 GC heap after
{Heap after GC invocations=282 (full 0):
 garbage-first heap   total 399360K, used 242044K [0x00000000e0000000, 0x0000000100000000)
  region size 1024K, 4 young (4096K), 4 survivors (4096K)
 Metaspace       used 146160K, committed 148416K, reserved 344064K
  class space    used 19131K, committed 20224K, reserved 212992K
}
Event: 239.459 GC heap before
{Heap before GC invocations=282 (full 0):
 garbage-first heap   total 399360K, used 365948K [0x00000000e0000000, 0x0000000100000000)
  region size 1024K, 125 young (128000K), 4 survivors (4096K)
 Metaspace       used 157498K, committed 159744K, reserved 409600K
  class space    used 20773K, committed 21888K, reserved 212992K
}
Event: 239.468 GC heap after
{Heap after GC invocations=283 (full 0):
 garbage-first heap   total 399360K, used 245190K [0x00000000e0000000, 0x0000000100000000)
  region size 1024K, 7 young (7168K), 7 survivors (7168K)
 Metaspace       used 157498K, committed 159744K, reserved 409600K
  class space    used 20773K, committed 21888K, reserved 212992K
}

Dll operation events (4 events):
Event: 0.024 Loaded shared library C:\Users\frank\.jdks\jbr-21.0.11\bin\java.dll
Event: 0.139 Loaded shared library C:\Users\frank\.jdks\jbr-21.0.11\bin\jsvml.dll
Event: 0.237 Loaded shared library C:\Users\frank\.jdks\jbr-21.0.11\bin\zip.dll
Event: 2.278 Loaded shared library C:\Users\frank\.jdks\jbr-21.0.11\bin\verify.dll

Deoptimization events (20 events):
Event: 241.780 Thread 0x000000003005a710 Uncommon trap: trap_request=0xffffff45 fr.pc=0x000000000fb5eec8 relative=0x0000000000000288
Event: 241.780 Thread 0x000000003005a710 Uncommon trap: reason=unstable_if action=reinterpret pc=0x000000000fb5eec8 method=java.lang.String.lastIndexOf([BBILjava/lang/String;I)I @ 37 c2
Event: 241.780 Thread 0x000000003005a710 DEOPT PACKING pc=0x000000000fb5eec8 sp=0x0000000031309600
Event: 241.780 Thread 0x000000003005a710 DEOPT UNPACKING pc=0x000000000eb17ba2 sp=0x00000000313095a0 mode 2
Event: 241.885 Thread 0x000000003005a710 Uncommon trap: trap_request=0xffffffc6 fr.pc=0x000000000fc372b0 relative=0x0000000000000d50
Event: 241.885 Thread 0x000000003005a710 Uncommon trap: reason=bimorphic_or_optimized_type_check action=maybe_recompile pc=0x000000000fc372b0 method=org.gradle.internal.operations.DefaultBuildOperationListenerManager$ProgressShieldingBuildOperationListener.started(Lorg/gradle/internal/operations
Event: 241.885 Thread 0x000000003005a710 DEOPT PACKING pc=0x000000000fc372b0 sp=0x00000000313083c0
Event: 241.885 Thread 0x000000003005a710 DEOPT UNPACKING pc=0x000000000eb17ba2 sp=0x0000000031308318 mode 2
Event: 241.885 Thread 0x000000003005a710 Uncommon trap: trap_request=0xffffffc6 fr.pc=0x000000000fc372b0 relative=0x0000000000000d50
Event: 241.885 Thread 0x000000003005a710 Uncommon trap: reason=bimorphic_or_optimized_type_check action=maybe_recompile pc=0x000000000fc372b0 method=org.gradle.internal.operations.DefaultBuildOperationListenerManager$ProgressShieldingBuildOperationListener.started(Lorg/gradle/internal/operations
Event: 241.885 Thread 0x000000003005a710 DEOPT PACKING pc=0x000000000fc372b0 sp=0x00000000313083c0
Event: 241.885 Thread 0x000000003005a710 DEOPT UNPACKING pc=0x000000000eb17ba2 sp=0x0000000031308318 mode 2
Event: 241.887 Thread 0x000000003005a710 Uncommon trap: trap_request=0xffffffc6 fr.pc=0x000000000fc372b0 relative=0x0000000000000d50
Event: 241.887 Thread 0x000000003005a710 Uncommon trap: reason=bimorphic_or_optimized_type_check action=maybe_recompile pc=0x000000000fc372b0 method=org.gradle.internal.operations.DefaultBuildOperationListenerManager$ProgressShieldingBuildOperationListener.started(Lorg/gradle/internal/operations
Event: 241.887 Thread 0x000000003005a710 DEOPT PACKING pc=0x000000000fc372b0 sp=0x00000000313083c0
Event: 241.887 Thread 0x000000003005a710 DEOPT UNPACKING pc=0x000000000eb17ba2 sp=0x0000000031308318 mode 2
Event: 241.887 Thread 0x000000003005a710 Uncommon trap: trap_request=0xffffffc6 fr.pc=0x000000000fc372b0 relative=0x0000000000000d50
Event: 241.887 Thread 0x000000003005a710 Uncommon trap: reason=bimorphic_or_optimized_type_check action=maybe_recompile pc=0x000000000fc372b0 method=org.gradle.internal.operations.DefaultBuildOperationListenerManager$ProgressShieldingBuildOperationListener.started(Lorg/gradle/internal/operations
Event: 241.887 Thread 0x000000003005a710 DEOPT PACKING pc=0x000000000fc372b0 sp=0x00000000313083c0
Event: 241.887 Thread 0x000000003005a710 DEOPT UNPACKING pc=0x000000000eb17ba2 sp=0x0000000031308318 mode 2

Classes loaded (20 events):
Event: 241.529 Loading class com/sun/org/apache/xerces/internal/util/XMLChar
Event: 241.529 Loading class com/sun/org/apache/xerces/internal/util/XMLChar done
Event: 241.530 Loading class com/sun/org/apache/xerces/internal/util/XMLSymbols
Event: 241.530 Loading class com/sun/org/apache/xerces/internal/util/XMLSymbols done
Event: 241.531 Loading class com/sun/org/apache/xerces/internal/parsers/AbstractSAXParser$LocatorProxy
Event: 241.531 Loading class org/xml/sax/ext/Locator2
Event: 241.531 Loading class org/xml/sax/ext/Locator2 done
Event: 241.531 Loading class com/sun/org/apache/xerces/internal/parsers/AbstractSAXParser$LocatorProxy done
Event: 241.531 Loading class com/sun/org/apache/xerces/internal/impl/XMLScanner$NameType
Event: 241.531 Loading class com/sun/org/apache/xerces/internal/impl/XMLScanner$NameType done
Event: 241.532 Loading class com/sun/org/apache/xerces/internal/impl/Constants
Event: 241.533 Loading class com/sun/org/apache/xerces/internal/impl/Constants done
Event: 241.533 Loading class com/sun/org/apache/xerces/internal/impl/Constants$ArrayEnumeration
Event: 241.533 Loading class com/sun/org/apache/xerces/internal/impl/Constants$ArrayEnumeration done
Event: 241.534 Loading class org/xml/sax/helpers/AttributesImpl
Event: 241.534 Loading class org/xml/sax/helpers/AttributesImpl done
Event: 241.548 Loading class javax/xml/datatype/DatatypeConfigurationException
Event: 241.548 Loading class javax/xml/datatype/DatatypeConfigurationException done
Event: 241.553 Loading class com/sun/org/apache/xerces/internal/impl/io/MalformedByteSequenceException
Event: 241.553 Loading class com/sun/org/apache/xerces/internal/impl/io/MalformedByteSequenceException done

Classes unloaded (0 events):
No events

Classes redefined (0 events):
No events

Internal exceptions (20 events):
Event: 240.415 Thread 0x00000000400fb080 Exception <a 'sun/nio/fs/WindowsException'{0x00000000f46e4e20}> (0x00000000f46e4e20) 
thrown [s\src\hotspot\share\prims\jni.cpp, line 537]
Event: 240.422 Thread 0x000000003005a710 Exception <a 'sun/nio/fs/WindowsException'{0x00000000f47c4528}> (0x00000000f47c4528) 
thrown [s\src\hotspot\share\prims\jni.cpp, line 537]
Event: 240.424 Thread 0x000000003005a710 Exception <a 'sun/nio/fs/WindowsException'{0x00000000f47d0f78}> (0x00000000f47d0f78) 
thrown [s\src\hotspot\share\prims\jni.cpp, line 537]
Event: 240.723 Thread 0x00000000400ff8b0 Exception <a 'java/lang/NoSuchMethodError'{0x00000000f45923b0}: 'void java.lang.invoke.DirectMethodHandle$Holder.invokeStatic(java.lang.Object, long)'> (0x00000000f45923b0) 
thrown [s\src\hotspot\share\interpreter\linkResolver.cpp, line 784]
Event: 241.047 Thread 0x000000003005a710 Exception <a 'sun/nio/fs/WindowsException'{0x00000000f3e7e9a0}> (0x00000000f3e7e9a0) 
thrown [s\src\hotspot\share\prims\jni.cpp, line 537]
Event: 241.062 Thread 0x000000003005a710 Exception <a 'sun/nio/fs/WindowsException'{0x00000000f3ef5698}> (0x00000000f3ef5698) 
thrown [s\src\hotspot\share\prims\jni.cpp, line 537]
Event: 241.062 Thread 0x000000003005a710 Exception <a 'sun/nio/fs/WindowsException'{0x00000000f3ef6d90}> (0x00000000f3ef6d90) 
thrown [s\src\hotspot\share\prims\jni.cpp, line 537]
Event: 241.063 Thread 0x000000003005a710 Exception <a 'sun/nio/fs/WindowsException'{0x00000000f3ef84d8}> (0x00000000f3ef84d8) 
thrown [s\src\hotspot\share\prims\jni.cpp, line 537]
Event: 241.063 Thread 0x000000003005a710 Exception <a 'sun/nio/fs/WindowsException'{0x00000000f3ef9c20}> (0x00000000f3ef9c20) 
thrown [s\src\hotspot\share\prims\jni.cpp, line 537]
Event: 241.065 Thread 0x000000003005a710 Exception <a 'sun/nio/fs/WindowsException'{0x00000000f3d044f0}> (0x00000000f3d044f0) 
thrown [s\src\hotspot\share\prims\jni.cpp, line 537]
Event: 241.066 Thread 0x000000003005a710 Exception <a 'sun/nio/fs/WindowsException'{0x00000000f3d05c18}> (0x00000000f3d05c18) 
thrown [s\src\hotspot\share\prims\jni.cpp, line 537]
Event: 241.066 Thread 0x000000003005a710 Exception <a 'sun/nio/fs/WindowsException'{0x00000000f3d07ba8}> (0x00000000f3d07ba8) 
thrown [s\src\hotspot\share\prims\jni.cpp, line 537]
Event: 241.066 Thread 0x000000003005a710 Exception <a 'sun/nio/fs/WindowsException'{0x00000000f3d09330}> (0x00000000f3d09330) 
thrown [s\src\hotspot\share\prims\jni.cpp, line 537]
Event: 241.212 Thread 0x000000003005a710 Exception <a 'java/lang/NullPointerException'{0x00000000f3367550}> (0x00000000f3367550) 
thrown [s\src\hotspot\share\interpreter\linkResolver.cpp, line 1471]
Event: 241.284 Thread 0x000000003005a710 Implicit null exception at 0x000000000f54b208 to 0x000000000f54b93c
Event: 241.285 Thread 0x000000003005a710 Implicit null exception at 0x000000000f5fc051 to 0x000000000f5fc544
Event: 241.550 Thread 0x000000003005a710 Exception <a 'java/lang/NoSuchMethodError'{0x00000000f1f43ee8}: 'void java.lang.invoke.DelegatingMethodHandle$Holder.reinvoke_L(java.lang.Object, java.lang.Object, int)'> (0x00000000f1f43ee8) 
thrown [s\src\hotspot\share\interpreter\linkResolver.cpp, line 784]
Event: 241.550 Thread 0x000000003005a710 Exception <a 'java/lang/NoSuchMethodError'{0x00000000f1f4b500}: 'void java.lang.invoke.Invokers$Holder.invokeExact_MT(java.lang.Object, java.lang.Object, int, java.lang.Object)'> (0x00000000f1f4b500) 
thrown [s\src\hotspot\share\interpreter\linkResolver.cpp, line 784]
Event: 241.569 Thread 0x000000003005a710 Exception <a 'sun/nio/fs/WindowsException'{0x00000000f1fca610}> (0x00000000f1fca610) 
thrown [s\src\hotspot\share\prims\jni.cpp, line 537]
Event: 241.615 Thread 0x000000003005a710 Exception <a 'java/lang/NoSuchMethodError'{0x00000000f1c92410}: 'void java.lang.invoke.DirectMethodHandle$Holder.invokeStatic(java.lang.Object, java.lang.Object, java.lang.Object, java.lang.Object, java.lang.Object, java.lang.Object, java.lang.Object, java.lang.Object)'> (0x00000000f1c92410) 
thrown [s\src\hotspot\share\interpreter\linkResolver.cpp, line 784]

ZGC Phase Switch (0 events):
No events

VM Operations (20 events):
Event: 239.459 Executing safepoint VM operation: G1CollectForAllocation (G1 Evacuation Pause)
Event: 239.468 Executing safepoint VM operation: G1CollectForAllocation (G1 Evacuation Pause) done
Event: 240.064 Executing safepoint VM operation: ICBufferFull
Event: 240.064 Executing safepoint VM operation: ICBufferFull done
Event: 240.231 Executing non-safepoint VM operation: HandshakeAllThreads (Deoptimize)
Event: 240.231 Executing non-safepoint VM operation: HandshakeAllThreads (Deoptimize) done
Event: 240.394 Executing safepoint VM operation: ICBufferFull
Event: 240.395 Executing safepoint VM operation: ICBufferFull done
Event: 240.541 Executing non-safepoint VM operation: HandshakeAllThreads (HandshakeForDeflation)
Event: 240.541 Executing non-safepoint VM operation: HandshakeAllThreads (HandshakeForDeflation) done
Event: 240.541 Executing non-safepoint VM operation: RendezvousGCThreads
Event: 240.541 Executing non-safepoint VM operation: RendezvousGCThreads done
Event: 240.734 Executing non-safepoint VM operation: HandshakeAllThreads (Deoptimize)
Event: 240.734 Executing non-safepoint VM operation: HandshakeAllThreads (Deoptimize) done
Event: 241.501 Executing non-safepoint VM operation: HandshakeAllThreads (Deoptimize)
Event: 241.501 Executing non-safepoint VM operation: HandshakeAllThreads (Deoptimize) done
Event: 241.501 Executing safepoint VM operation: Cleanup
Event: 241.501 Executing safepoint VM operation: Cleanup done
Event: 241.563 Executing non-safepoint VM operation: HandshakeAllThreads (Deoptimize)
Event: 241.563 Executing non-safepoint VM operation: HandshakeAllThreads (Deoptimize) done

Memory protections (0 events):
No events

Nmethod flushes (20 events):
Event: 233.021 Thread 0x000000001970b6a0 flushing  nmethod 0x00000000086c9b10
Event: 233.021 Thread 0x000000001970b6a0 flushing  nmethod 0x0000000008750e10
Event: 233.021 Thread 0x000000001970b6a0 flushing  nmethod 0x0000000008751a10
Event: 233.021 Thread 0x000000001970b6a0 flushing  nmethod 0x0000000008957490
Event: 233.021 Thread 0x000000001970b6a0 flushing  nmethod 0x0000000008957e10
Event: 233.021 Thread 0x000000001970b6a0 flushing  nmethod 0x0000000008958210
Event: 233.021 Thread 0x000000001970b6a0 flushing  nmethod 0x0000000008958c90
Event: 233.021 Thread 0x000000001970b6a0 flushing  nmethod 0x0000000008959810
Event: 233.021 Thread 0x000000001970b6a0 flushing  nmethod 0x0000000008959d10
Event: 233.021 Thread 0x000000001970b6a0 flushing  nmethod 0x000000000895c390
Event: 233.021 Thread 0x000000001970b6a0 flushing  nmethod 0x000000000895c790
Event: 233.021 Thread 0x000000001970b6a0 flushing  nmethod 0x000000000895cd90
Event: 233.021 Thread 0x000000001970b6a0 flushing  nmethod 0x000000000895d610
Event: 233.021 Thread 0x000000001970b6a0 flushing  nmethod 0x000000000895db10
Event: 233.021 Thread 0x000000001970b6a0 flushing  nmethod 0x000000000895f110
Event: 233.021 Thread 0x000000001970b6a0 flushing  nmethod 0x0000000008972f90
Event: 233.021 Thread 0x000000001970b6a0 flushing  nmethod 0x0000000008a6a610
Event: 233.021 Thread 0x000000001970b6a0 flushing  nmethod 0x0000000008a6cc10
Event: 233.021 Thread 0x000000001970b6a0 flushing  nmethod 0x0000000008ca3010
Event: 233.021 Thread 0x000000001970b6a0 flushing  nmethod 0x0000000008ca5210

Events (20 events):
Event: 38.782 Thread 0x00000000326156e0 Thread exited: 0x00000000326156e0
Event: 85.320 Thread 0x000000003005a710 Thread added: 0x00000000302a06b0
Event: 100.817 Thread 0x0000000019742200 Thread added: 0x0000000032613ba0
Event: 102.887 Thread 0x0000000032613ba0 Thread exited: 0x0000000032613ba0
Event: 115.564 Thread 0x00000000197493b0 Thread added: 0x0000000032612e00
Event: 115.961 Thread 0x0000000032612e00 Thread exited: 0x0000000032612e00
Event: 119.646 Thread 0x000000003005a710 Thread added: 0x00000000302a0d40
Event: 119.650 Thread 0x00000000197493b0 Thread added: 0x0000000032612e00
Event: 120.941 Thread 0x0000000032612e00 Thread exited: 0x0000000032612e00
Event: 136.951 Thread 0x0000000019742200 Thread added: 0x00000000326156e0
Event: 137.851 Thread 0x00000000326156e0 Thread exited: 0x00000000326156e0
Event: 200.202 Thread 0x000000003005a710 Thread added: 0x000000002f04c460
Event: 201.720 Thread 0x000000003005a710 Thread added: 0x000000002f052040
Event: 203.166 Thread 0x000000003005a710 Thread added: 0x000000002f050600
Event: 240.409 Thread 0x000000003005a710 Thread added: 0x00000000400fe500
Event: 240.410 Thread 0x00000000400fe500 Thread added: 0x00000000400fc430
Event: 240.410 Thread 0x00000000400fe500 Thread added: 0x00000000400fb080
Event: 240.442 Thread 0x000000003005a710 Thread added: 0x00000000400ff8b0
Event: 240.745 Thread 0x00000000400ff8b0 Thread added: 0x00000000400fd7e0
Event: 240.745 Thread 0x00000000400ff8b0 Thread added: 0x00000000400fcac0


Dynamic libraries:
0x00007ff6181e0000 - 0x00007ff6181ea000 	C:\Users\frank\.jdks\jbr-21.0.11\bin\java.exe
0x00007ffbdf9a0000 - 0x00007ffbdfc06000 	C:\WINDOWS\SYSTEM32\ntdll.dll
0x00007ffbdea60000 - 0x00007ffbdeb29000 	C:\WINDOWS\System32\KERNEL32.DLL
0x00007ffbdce00000 - 0x00007ffbdd201000 	C:\WINDOWS\System32\KERNELBASE.dll
0x00007ffbdd570000 - 0x00007ffbdd6bc000 	C:\WINDOWS\System32\ucrtbase.dll
0x00007ffbbdce0000 - 0x00007ffbbdcf8000 	C:\Users\frank\.jdks\jbr-21.0.11\bin\jli.dll
0x00007ffbded00000 - 0x00007ffbdeec6000 	C:\WINDOWS\System32\USER32.dll
0x00007ffbdd490000 - 0x00007ffbdd4b7000 	C:\WINDOWS\System32\win32u.dll
0x00007ffbddfc0000 - 0x00007ffbddfeb000 	C:\WINDOWS\System32\GDI32.dll
0x00007ffbdd360000 - 0x00007ffbdd488000 	C:\WINDOWS\System32\gdi32full.dll
0x00007ffbdd4c0000 - 0x00007ffbdd563000 	C:\WINDOWS\System32\msvcp_win.dll
0x00007ffbbdcc0000 - 0x00007ffbbdcde000 	C:\Users\frank\.jdks\jbr-21.0.11\bin\VCRUNTIME140.dll
0x00007ffbc5660000 - 0x00007ffbc58f2000 	C:\WINDOWS\WinSxS\amd64_microsoft.windows.common-controls_6595b64144ccf1df_6.0.26100.8764_none_3e0c73e4e330b694\COMCTL32.dll
0x00007ffbdebc0000 - 0x00007ffbdec69000 	C:\WINDOWS\System32\msvcrt.dll
0x00007ffbdde80000 - 0x00007ffbddeb2000 	C:\WINDOWS\System32\IMM32.DLL
0x00007ffbd6f70000 - 0x00007ffbd6f7c000 	C:\Users\frank\.jdks\jbr-21.0.11\bin\vcruntime140_1.dll
0x00007ffb9d640000 - 0x00007ffb9d6c9000 	C:\Users\frank\.jdks\jbr-21.0.11\bin\msvcp140.dll
0x00007ffb1db30000 - 0x00007ffb1e8fe000 	C:\Users\frank\.jdks\jbr-21.0.11\bin\server\jvm.dll
0x00007ffbdf370000 - 0x00007ffbdf42c000 	C:\WINDOWS\System32\ADVAPI32.dll
0x00007ffbddb10000 - 0x00007ffbddbb9000 	C:\WINDOWS\System32\sechost.dll
0x00007ffbdd7e0000 - 0x00007ffbdd8f8000 	C:\WINDOWS\System32\RPCRT4.dll
0x00007ffbdd720000 - 0x00007ffbdd7a2000 	C:\WINDOWS\System32\WS2_32.dll
0x00007ffbdca10000 - 0x00007ffbdca6e000 	C:\WINDOWS\SYSTEM32\POWRPROF.dll
0x00007ffbd5300000 - 0x00007ffbd5336000 	C:\WINDOWS\SYSTEM32\WINMM.dll
0x00007ffbcc950000 - 0x00007ffbcc95b000 	C:\WINDOWS\SYSTEM32\VERSION.dll
0x00007ffbdc9f0000 - 0x00007ffbdca05000 	C:\WINDOWS\SYSTEM32\UMPDC.dll
0x00007ffbdb880000 - 0x00007ffbdb89b000 	C:\WINDOWS\SYSTEM32\kernel.appcore.dll
0x00007ffbd6f00000 - 0x00007ffbd6f0a000 	C:\Users\frank\.jdks\jbr-21.0.11\bin\jimage.dll
0x00007ffbd9880000 - 0x00007ffbd9ac2000 	C:\WINDOWS\SYSTEM32\DBGHELP.DLL
0x00007ffbdefd0000 - 0x00007ffbdf352000 	C:\WINDOWS\System32\combase.dll
0x00007ffbddda0000 - 0x00007ffbdde79000 	C:\WINDOWS\System32\OLEAUT32.dll
0x00007ffbbd8d0000 - 0x00007ffbbd90b000 	C:\WINDOWS\SYSTEM32\dbgcore.DLL
0x00007ffbdcd40000 - 0x00007ffbdcdec000 	C:\WINDOWS\System32\bcryptPrimitives.dll
0x00007ffbd6ed0000 - 0x00007ffbd6ee0000 	C:\Users\frank\.jdks\jbr-21.0.11\bin\instrument.dll
0x00007ffbbd9f0000 - 0x00007ffbbda11000 	C:\Users\frank\.jdks\jbr-21.0.11\bin\java.dll
0x00007ffbde240000 - 0x00007ffbde9c4000 	C:\WINDOWS\System32\SHELL32.dll
0x00007ffbda660000 - 0x00007ffbdaefa000 	C:\WINDOWS\SYSTEM32\windows.storage.dll
0x00007ffbdeed0000 - 0x00007ffbdefcb000 	C:\WINDOWS\System32\SHCORE.dll
0x00007ffbdd900000 - 0x00007ffbdd966000 	C:\WINDOWS\System32\shlwapi.dll
0x00007ffbdcaa0000 - 0x00007ffbdcac9000 	C:\WINDOWS\SYSTEM32\profapi.dll
0x00007ffb9d0b0000 - 0x00007ffb9d187000 	C:\Users\frank\.jdks\jbr-21.0.11\bin\jsvml.dll
0x00007ffbb7180000 - 0x00007ffbb7198000 	C:\Users\frank\.jdks\jbr-21.0.11\bin\zip.dll
0x00007ffbbd9d0000 - 0x00007ffbbd9e1000 	C:\Users\frank\.jdks\jbr-21.0.11\bin\net.dll
0x00007ffbcdb10000 - 0x00007ffbcdc39000 	C:\WINDOWS\SYSTEM32\WINHTTP.dll
0x00007ffbdbe30000 - 0x00007ffbdbe9c000 	C:\WINDOWS\system32\mswsock.dll
0x00007ffbbb5c0000 - 0x00007ffbbb5d6000 	C:\Users\frank\.jdks\jbr-21.0.11\bin\nio.dll
0x00007ffbd6eb0000 - 0x00007ffbd6ec0000 	C:\Users\frank\.jdks\jbr-21.0.11\bin\verify.dll
0x00007ffba47e0000 - 0x00007ffba4807000 	D:\codex-cache\espbridge-gradle\native\c067742578af261105cb4f569cf0c3c89f3d7b1fecec35dd04571415982c5e48\windows-amd64\native-platform.dll
0x00007ffb5ace0000 - 0x00007ffb5ae24000 	D:\codex-cache\espbridge-gradle\native\100fb08df4bc3b14c8652ba06237920a3bd2aa13389f12d3474272988ae205f9\windows-amd64\native-platform-file-events.dll
0x00007ffbcd250000 - 0x00007ffbcd25a000 	C:\Users\frank\.jdks\jbr-21.0.11\bin\management.dll
0x00007ffbc2aa0000 - 0x00007ffbc2aac000 	C:\Users\frank\.jdks\jbr-21.0.11\bin\management_ext.dll
0x00007ffbdf360000 - 0x00007ffbdf368000 	C:\WINDOWS\System32\PSAPI.DLL
0x00007ffbdc130000 - 0x00007ffbdc14b000 	C:\WINDOWS\SYSTEM32\CRYPTSP.dll
0x00007ffbdb7e0000 - 0x00007ffbdb819000 	C:\WINDOWS\system32\rsaenh.dll
0x00007ffbdbef0000 - 0x00007ffbdbf22000 	C:\WINDOWS\SYSTEM32\USERENV.dll
0x00007ffbdcad0000 - 0x00007ffbdcafa000 	C:\WINDOWS\SYSTEM32\bcrypt.dll
0x00007ffbdc150000 - 0x00007ffbdc15c000 	C:\WINDOWS\SYSTEM32\CRYPTBASE.dll
0x00007ffbdb2a0000 - 0x00007ffbdb2d3000 	C:\WINDOWS\SYSTEM32\IPHLPAPI.DLL
0x00007ffbdf950000 - 0x00007ffbdf95a000 	C:\WINDOWS\System32\NSI.dll
0x00007ffbc0d40000 - 0x00007ffbc0d49000 	C:\Users\frank\.jdks\jbr-21.0.11\bin\extnet.dll
0x00007ffbc0bf0000 - 0x00007ffbc0bfe000 	C:\Users\frank\.jdks\jbr-21.0.11\bin\sunmscapi.dll
0x00007ffbdcbb0000 - 0x00007ffbdcd2d000 	C:\WINDOWS\System32\CRYPT32.dll
0x00007ffbdc370000 - 0x00007ffbdc3a0000 	C:\WINDOWS\SYSTEM32\ncrypt.dll
0x00007ffbdc320000 - 0x00007ffbdc35f000 	C:\WINDOWS\SYSTEM32\NTASN1.dll
0x00007ffb44540000 - 0x00007ffb44548000 	C:\WINDOWS\system32\wshunix.dll
0x00007ffbdb2e0000 - 0x00007ffbdb436000 	C:\WINDOWS\SYSTEM32\DNSAPI.dll
0x00007ffbdbc30000 - 0x00007ffbdbc3d000 	C:\WINDOWS\SYSTEM32\DSPARSE.dll
0x00007ffbcd5f0000 - 0x00007ffbcd5fb000 	C:\Windows\System32\rasadhlp.dll
0x00007ffbcf3b0000 - 0x00007ffbcf436000 	C:\WINDOWS\System32\fwpuclnt.dll

JVMTI agents:
C:\Users\frank\.gradle\manual-wrapper\gradle-8.9\gradle-8.9\lib\agents\gradle-instrumentation-agent-8.9.jar path:C:\Users\frank\.jdks\jbr-21.0.11\bin\instrument.dll, loaded, initialized, instrumentlib options:none

dbghelp: loaded successfully - version: 4.0.5 - missing functions: none
symbol engine: initialized successfully - sym options: 0x614 - pdb path: .;C:\Users\frank\.jdks\jbr-21.0.11\bin;C:\WINDOWS\SYSTEM32;C:\WINDOWS\WinSxS\amd64_microsoft.windows.common-controls_6595b64144ccf1df_6.0.26100.8764_none_3e0c73e4e330b694;C:\Users\frank\.jdks\jbr-21.0.11\bin\server;D:\codex-cache\espbridge-gradle\native\c067742578af261105cb4f569cf0c3c89f3d7b1fecec35dd04571415982c5e48\windows-amd64;D:\codex-cache\espbridge-gradle\native\100fb08df4bc3b14c8652ba06237920a3bd2aa13389f12d3474272988ae205f9\windows-amd64

VM Arguments:
jvm_args: -XX:MaxMetaspaceSize=256m --add-opens=java.base/java.util=ALL-UNNAMED --add-opens=java.base/java.lang=ALL-UNNAMED --add-opens=java.base/java.lang.invoke=ALL-UNNAMED --add-opens=java.prefs/java.util.prefs=ALL-UNNAMED --add-exports=jdk.compiler/com.sun.tools.javac.api=ALL-UNNAMED --add-exports=jdk.compiler/com.sun.tools.javac.util=ALL-UNNAMED --add-opens=java.base/java.nio.charset=ALL-UNNAMED --add-opens=java.base/java.net=ALL-UNNAMED --add-opens=java.base/java.util.concurrent.atomic=ALL-UNNAMED -Xmx512m -Dfile.encoding=UTF-8 -Duser.country=ID -Duser.language=id -Duser.variant -javaagent:C:\Users\frank\.gradle\manual-wrapper\gradle-8.9\gradle-8.9\lib\agents\gradle-instrumentation-agent-8.9.jar 
java_command: org.gradle.launcher.daemon.bootstrap.GradleDaemon 8.9
java_class_path (initial): C:\Users\frank\.gradle\manual-wrapper\gradle-8.9\gradle-8.9\lib\gradle-daemon-main-8.9.jar
Launcher Type: SUN_STANDARD

[Global flags]
     intx CICompilerCount                          = 3                                         {product} {ergonomic}
   size_t CompressedClassSpaceSize                 = 218103808                                 {product} {ergonomic}
     uint ConcGCThreads                            = 1                                         {product} {ergonomic}
     uint G1ConcRefinementThreads                  = 4                                         {product} {ergonomic}
   size_t G1HeapRegionSize                         = 1048576                                   {product} {ergonomic}
    uintx GCDrainStackTargetSize                   = 64                                        {product} {ergonomic}
   size_t InitialHeapSize                          = 132120576                                 {product} {ergonomic}
   size_t MarkStackSize                            = 4194304                                   {product} {ergonomic}
   size_t MaxHeapSize                              = 536870912                                 {product} {command line}
   size_t MaxMetaspaceSize                         = 268435456                                 {product} {command line}
   size_t MaxNewSize                               = 321912832                                 {product} {ergonomic}
   size_t MinHeapDeltaBytes                        = 1048576                                   {product} {ergonomic}
   size_t MinHeapSize                              = 8388608                                   {product} {ergonomic}
    uintx NonNMethodCodeHeapSize                   = 5832780                                {pd product} {ergonomic}
    uintx NonProfiledCodeHeapSize                  = 122912730                              {pd product} {ergonomic}
    uintx ProfiledCodeHeapSize                     = 122912730                              {pd product} {ergonomic}
    uintx ReservedCodeCacheSize                    = 251658240                              {pd product} {ergonomic}
     bool SegmentedCodeCache                       = true                                      {product} {ergonomic}
   size_t SoftMaxHeapSize                          = 536870912                              {manageable} {ergonomic}
     bool UseCompressedOops                        = true                           {product lp64_product} {ergonomic}
     bool UseG1GC                                  = true                                      {product} {ergonomic}
     bool UseLargePagesIndividualAllocation        = false                                  {pd product} {ergonomic}

Logging:
Log output configuration:
 #0: stdout all=warning uptime,level,tags foldmultilines=false
 #1: stderr all=off uptime,level,tags foldmultilines=false

Release file:
JAVA_VERSION="21.0.11" 
MODULES="java.base java.compiler java.datatransfer java.xml java.prefs java.desktop java.instrument java.logging java.management java.security.sasl java.naming java.rmi java.management.rmi java.net.http java.scripting java.security.jgss java.transaction.xa java.sql java.sql.rowset java.xml.crypto java.se java.smartcardio jdk.accessibility jdk.internal.jvmstat jdk.attach jdk.charsets jdk.internal.opt jdk.zipfs jdk.compiler jdk.crypto.ec jdk.crypto.cryptoki jdk.crypto.mscapi jdk.dynalink jdk.internal.ed jdk.editpad jdk.hotspot.agent jdk.httpserver jdk.incubator.vector jdk.internal.le jdk.internal.vm.ci jdk.internal.vm.compiler jdk.internal.vm.compiler.management jdk.jartool jdk.javadoc jdk.jcmd jdk.management jdk.management.agent jdk.jconsole jdk.jdeps jdk.jdwp.agent jdk.jdi jdk.jfr jdk.jlink jdk.jpackage jdk.jshell jdk.jsobject jdk.jstatd jdk.localedata jdk.management.jfr jdk.naming.dns jdk.naming.rmi jdk.net jdk.nio.mapmode jdk.random jdk.sctp jdk.security.auth jdk.security.jgss jdk.unsupported jdk.unsupported.desktop jdk.xml.dom" 
IMPLEMENTOR="JetBrains s.r.o." 
IMPLEMENTOR_VERSION="JBRSDK-21.0.11+1-1163.116-nomod" 
JAVA_RUNTIME_VERSION="21.0.11+1-b1163.116" 
LIBC="default" 
OS_ARCH="x86_64" 
OS_NAME="Windows" 
SOURCE=".:git:cf1f197170a0+" 

Environment Variables:
JAVA_HOME=C:\Users\frank\.jdks\jbr-21.0.11
CLASSPATH=C:\Users\frank\.gradle\manual-wrapper\gradle-8.9\gradle-8.9\lib\gradle-gradle-cli-main-8.9.jar
PATH=C:\Users\frank\.jdks\jbr-21.0.11\bin;C:\Users\frank\.codex\tmp\arg0\codex-arg0OZfSAe;C:\Program Files\Eclipse Adoptium\jdk-17.0.18.8-hotspot\bin;C:\Program Files\Microsoft\jdk-17.0.18.8-hotspot\bin;C:\Windows\System32\HWAudioDriverLibs;C:\WINDOWS\system32;C:\WINDOWS;C:\WINDOWS\System32\Wbem;C:\WINDOWS\System32\WindowsPowerShell\v1.0\;C:\WINDOWS\System32\OpenSSH\;C:\WINDOWS\system32\config\systemprofile\AppData\Local\Microsoft\WindowsApps;C:\WINDOWS\system32;C:\WINDOWS;C:\WINDOWS\System32\Wbem;C:\php\php-8.5.1;C:\WINDOWS\System32\WindowsPowerShell\v1.0\;C:\WINDOWS\System32\OpenSSH\;C:\adb\platform-tools;C:\Program Files\PuTTY\;C:\Program Files\Git\cmd;C:\Program Files\GitHub CLI\;C:\Program Files\Ollama;C:\Program Files\nodejs\;C:\Users\frank\AppData\Local\hermes\hermes-agent\venv\Scripts;C:\Users\frank\AppData\Local\hermes\bin;C:\Program Files\Android\Android Studio\jbr\bin;C:\Program Files\nodejs;C:\Program Files\Eclipse Adoptium\jdk-17.0.18.8-hotspot\bin;C:\Program Files\Microsoft\jdk-17.0.18.8-hotspot\bin;C:\Windows\System32\HWAudioDriverLibs;C:\WINDOWS\system32;C:\WINDOWS;C:\WINDOWS\System32\Wbem;C:\WINDOWS\System32\WindowsPowerShell\v1.0\;C:\WINDOWS\System32\OpenSSH\;C:\WINDOWS\system32\config\systemprofile\AppData\Local\Microsoft\WindowsApps;C:\php\php-8.5.1;C:\adb\platform-tools;C:\Program Files\PuTTY\;C:\Program Files\Git\cmd;C:\Program Files\GitHub CLI\;C:\Program Files\Ollama;C:\Program Files\nodejs\;C:\Users\frank\AppData\Local\Programs\Microsoft VS Code\bin;C:\Users\frank\AppData\Local\Programs\Antigravity\bin;C:\Users\frank\AppData\Roaming\npm;C:\Users\frank\AppData\Local\Programs\Ollama;C:\Users\frank\AppData\Local\Microsoft\WindowsApps;C:\Users\frank\AppData\Local\Programs\Antigravity IDE\bin;C:\Users\frank\AppData\Local\Programs\cursor\resources\app\bin;C:\Users\frank\AppData\Local\Programs\DockerDesktop\resources\bin;C:\Users\frank\AppData\Local\Microsoft\WinGet\Links;C:\Users\frank\AppData\Local\Programs\Cua\cua-driver\bin;C:\Users\frank\.wokwi\bin;c:\Users\frank\.vscode\extensions\openai.chatgpt-26.5820.71523-win32-x64\bin\windows-x86_64
USERNAME=frank
LANG=C.UTF-8
LC_ALL=C.UTF-8
LC_CTYPE=C.UTF-8
TERM=dumb
OS=Windows_NT
PROCESSOR_IDENTIFIER=Intel64 Family 6 Model 140 Stepping 1, GenuineIntel
TMP=C:\Users\frank\AppData\Local\Temp
TEMP=C:\Users\frank\AppData\Local\Temp




Periodic native trim disabled

JNI global refs:
JNI global refs: 28, weak refs: 3

JNI global refs memory usage: 835, weak refs: 833

Process memory usage:
Resident Set Size: 774276K (9% of 8183096K total physical memory with 295876K free physical memory)

OOME stack traces (most recent first):
Classloader memory used:
