#
# There is insufficient memory for the Java Runtime Environment to continue.
# Native memory allocation (mmap) failed to map 45088768 bytes. Error detail: G1 virtual space
# Possible reasons:
#   The system is out of physical RAM or swap space
#   This process is running with CompressedOops enabled, and the Java Heap may be blocking the growth of the native heap
# Possible solutions:
#   Reduce memory load on the system
#   Increase physical memory or swap space
#   Check if swap backing store is full
#   Decrease Java heap size (-Xmx/-Xms)
#   Decrease number of Java threads
#   Decrease Java thread stack sizes (-Xss)
#   Set larger code cache with -XX:ReservedCodeCacheSize=
#   JVM is running with Unscaled Compressed Oops mode in which the Java heap is
#     placed in the first 4GB address space. The Java Heap base address is the
#     maximum limit for the native heap growth. Please use -XX:HeapBaseMinAddress
#     to set the Java Heap base and to place the Java Heap above 4GB virtual address.
# This output file may be truncated or incomplete.
#
#  Out of Memory Error (os_windows.cpp:3926), pid=8736, tid=26872
#
# JRE version: OpenJDK Runtime Environment JBR-21.0.11+1-1163.116-nomod (21.0.11+1) (build 21.0.11+1-b1163.116)
# Java VM: OpenJDK 64-Bit Server VM JBR-21.0.11+1-1163.116-nomod (21.0.11+1-b1163.116, mixed mode, sharing, tiered, compressed oops, compressed class ptrs, g1 gc, windows-amd64)
# No core dump will be written. Minidumps are not enabled by default on client versions of Windows
#

---------------  S U M M A R Y ------------

Command Line: -XX:MaxMetaspaceSize=256m --add-opens=java.base/java.util=ALL-UNNAMED --add-opens=java.base/java.lang=ALL-UNNAMED --add-opens=java.base/java.lang.invoke=ALL-UNNAMED --add-opens=java.prefs/java.util.prefs=ALL-UNNAMED --add-exports=jdk.compiler/com.sun.tools.javac.api=ALL-UNNAMED --add-exports=jdk.compiler/com.sun.tools.javac.util=ALL-UNNAMED --add-opens=java.base/java.nio.charset=ALL-UNNAMED --add-opens=java.base/java.net=ALL-UNNAMED --add-opens=java.base/java.util.concurrent.atomic=ALL-UNNAMED -Xmx384m -Dfile.encoding=UTF-8 -Duser.country=ID -Duser.language=id -Duser.variant -javaagent:C:\Users\frank\.gradle\manual-wrapper\gradle-8.9\gradle-8.9\lib\agents\gradle-instrumentation-agent-8.9.jar org.gradle.launcher.daemon.bootstrap.GradleDaemon 8.9

Host: 11th Gen Intel(R) Core(TM) i3-1115G4 @ 3.00GHz, 4 cores, 7G,  Windows 11 , 64 bit Build 26100 (10.0.26100.8764)
Time: Sat Aug 29 12:04:43 2026 SE Asia Standard Time elapsed time: 33.179368 seconds (0d 0h 0m 33s)

---------------  T H R E A D  ---------------

Current thread (0x0000000019099ce0):  VMThread "VM Thread"          [id=26872, stack(0x0000000019390000,0x0000000019490000) (1024K)]

Stack: [0x0000000019390000,0x0000000019490000]
Native frames: (J=compiled Java code, j=interpreted, Vv=VM code, C=native code)
V  [jvm.dll+0x6ed7f9]
V  [jvm.dll+0x8cbfcb]
V  [jvm.dll+0x8ce76a]
V  [jvm.dll+0x8cee43]
V  [jvm.dll+0x28e496]
V  [jvm.dll+0x6ea0b5]
V  [jvm.dll+0x6ddada]
V  [jvm.dll+0x369d2e]
V  [jvm.dll+0x371bfb]
V  [jvm.dll+0x3c3829]
V  [jvm.dll+0x3c3acb]
V  [jvm.dll+0x33d037]
V  [jvm.dll+0x33f846]
V  [jvm.dll+0x349c87]
V  [jvm.dll+0x38052f]
V  [jvm.dll+0x8d4bff]
V  [jvm.dll+0x8d62c3]  VMThread::inner_execute+0x263  (vmThread.cpp:435)
V  [jvm.dll+0x8d6834]  VMThread::loop+0x264  (vmThread.cpp:502)
V  [jvm.dll+0x8d6933]  VMThread::run+0x63  (vmThread.cpp:180)
V  [jvm.dll+0x875cad]  Thread::call_run+0xcd  (thread.cpp:231)
V  [jvm.dll+0x6ebf5d]  os::win32::thread_native_entry+0x7d  (os_windows.cpp:557)
C  [ucrtbase.dll+0x2cd30]
C  [KERNEL32.DLL+0x2ccb7]
C  [ntdll.dll+0xaad6c]

VM_Operation (0x000000001681fa60): G1PauseRemark, mode: safepoint, requested by thread 0x000000000342d260


---------------  P R O C E S S  ---------------

Threads class SMR info:
_java_thread_list=0x000000002fb7ac30, length=56, elements={
0x0000000003402db0, 0x00000000190c0650, 0x00000000190c8ad0, 0x00000000190cb8b0,
0x00000000190cc680, 0x00000000190cd0e0, 0x00000000190cfb50, 0x00000000190d05b0,
0x00000000190d1340, 0x00000000190fa700, 0x000000002d179c80, 0x000000002f487060,
0x000000002f1309a0, 0x000000002e07a630, 0x000000002f4ba480, 0x000000002f4dd5b0,
0x000000002e3b9360, 0x000000002f4baaf0, 0x000000002f6fe250, 0x000000002f6fcea0,
0x000000002f6fd530, 0x000000002f6fbaf0, 0x000000002f6fdbc0, 0x000000002f6fe8e0,
0x000000002f6fef70, 0x000000002f6fc810, 0x0000000031b7e2b0, 0x0000000031b7dc20,
0x0000000031b7e940, 0x0000000031b7d590, 0x0000000031b7c870, 0x0000000031b7cf00,
0x0000000031b82450, 0x0000000031b810a0, 0x0000000031b81730, 0x0000000032d84270,
0x0000000032d83be0, 0x0000000032d869d0, 0x0000000032d88aa0, 0x0000000032d87060,
0x0000000032d876f0, 0x0000000032d88410, 0x0000000032d87d80, 0x000000003497de50,
0x000000003497e4e0, 0x000000003497bd80, 0x000000003497c410, 0x000000002e08c670,
0x000000002e08bfe0, 0x000000002e08e740, 0x000000002e090180, 0x000000002e08f460,
0x000000002e08faf0, 0x000000002e08cd00, 0x000000002e091bc0, 0x000000002e091530
}

Java Threads: ( => current thread )
  0x0000000003402db0 JavaThread "main"                              [_thread_blocked, id=12204, stack(0x00000000029b0000,0x0000000002ab0000) (1024K)]
  0x00000000190c0650 JavaThread "Common-Cleaner"             daemon [_thread_blocked, id=18188, stack(0x0000000019490000,0x0000000019590000) (1024K)]
  0x00000000190c8ad0 JavaThread "Reference Handler"          daemon [_thread_blocked, id=17552, stack(0x0000000019590000,0x0000000019690000) (1024K)]
  0x00000000190cb8b0 JavaThread "Finalizer"                  daemon [_thread_blocked, id=26492, stack(0x0000000019690000,0x0000000019790000) (1024K)]
  0x00000000190cc680 JavaThread "Signal Dispatcher"          daemon [_thread_blocked, id=1256, stack(0x0000000019790000,0x0000000019890000) (1024K)]
  0x00000000190cd0e0 JavaThread "Attach Listener"            daemon [_thread_blocked, id=23356, stack(0x0000000019890000,0x0000000019990000) (1024K)]
  0x00000000190cfb50 JavaThread "Service Thread"             daemon [_thread_blocked, id=12888, stack(0x0000000019990000,0x0000000019a90000) (1024K)]
  0x00000000190d05b0 JavaThread "Monitor Deflation Thread"   daemon [_thread_blocked, id=23944, stack(0x0000000019a90000,0x0000000019b90000) (1024K)]
  0x00000000190d1340 JavaThread "C2 CompilerThread0"         daemon [_thread_blocked, id=11572, stack(0x0000000019b90000,0x0000000019c90000) (1024K)]
  0x00000000190fa700 JavaThread "C1 CompilerThread0"         daemon [_thread_blocked, id=26704, stack(0x0000000019c90000,0x0000000019d90000) (1024K)]
  0x000000002d179c80 JavaThread "Notification Thread"        daemon [_thread_blocked, id=17232, stack(0x0000000019d90000,0x0000000019e90000) (1024K)]
  0x000000002f487060 JavaThread "Daemon health stats"               [_thread_blocked, id=15232, stack(0x0000000030000000,0x0000000030100000) (1024K)]
  0x000000002f1309a0 JavaThread "Incoming local TCP Connector on port 3243"        [_thread_in_native, id=17612, stack(0x0000000030440000,0x0000000030540000) (1024K)]
  0x000000002e07a630 JavaThread "Daemon periodic checks"            [_thread_blocked, id=3840, stack(0x0000000030540000,0x0000000030640000) (1024K)]
  0x000000002f4ba480 JavaThread "Daemon"                            [_thread_blocked, id=20948, stack(0x000000002dd00000,0x000000002de00000) (1024K)]
  0x000000002f4dd5b0 JavaThread "Handler for socket connection from /127.0.0.1:3243 to /127.0.0.1:3244"        [_thread_in_native, id=23672, stack(0x0000000030640000,0x0000000030740000) (1024K)]
  0x000000002e3b9360 JavaThread "Cancel handler"                    [_thread_blocked, id=24428, stack(0x0000000030740000,0x0000000030840000) (1024K)]
  0x000000002f4baaf0 JavaThread "Daemon worker"                     [_thread_blocked, id=15180, stack(0x0000000030940000,0x0000000030a40000) (1024K)]
  0x000000002f6fe250 JavaThread "Asynchronous log dispatcher for DefaultDaemonConnection: socket connection from /127.0.0.1:3243 to /127.0.0.1:3244"        [_thread_blocked, id=22400, stack(0x0000000030a40000,0x0000000030b40000) (1024K)]
  0x000000002f6fcea0 JavaThread "Stdin handler"                     [_thread_blocked, id=1976, stack(0x0000000030b40000,0x0000000030c40000) (1024K)]
  0x000000002f6fd530 JavaThread "Daemon client event forwarder"        [_thread_blocked, id=7952, stack(0x0000000030c40000,0x0000000030d40000) (1024K)]
  0x000000002f6fbaf0 JavaThread "Cache worker for journal cache (D:\codex-cache\espbridge-gradle\caches\journal-1)"        [_thread_blocked, id=23336, stack(0x0000000030d40000,0x0000000030e40000) (1024K)]
  0x000000002f6fdbc0 JavaThread "File lock request listener"        [_thread_in_native, id=25824, stack(0x0000000030e40000,0x0000000030f40000) (1024K)]
  0x000000002f6fe8e0 JavaThread "Cache worker for file hash cache (D:\codex-cache\espbridge-gradle\caches\8.9\fileHashes)"        [_thread_blocked, id=15260, stack(0x0000000030f40000,0x0000000031040000) (1024K)]
  0x000000002f6fef70 JavaThread "Cache worker for file hash cache (C:\Users\frank\Downloads\ESPBridge\.gradle\8.9\fileHashes)"        [_thread_blocked, id=9364, stack(0x0000000032230000,0x0000000032330000) (1024K)]
  0x000000002f6fc810 JavaThread "Cache worker for Build Output Cleanup Cache (C:\Users\frank\Downloads\ESPBridge\.gradle\buildOutputCleanup)"        [_thread_blocked, id=3328, stack(0x0000000032110000,0x0000000032210000) (1024K)]
  0x0000000031b7e2b0 JavaThread "File watcher server"        daemon [_thread_blocked, id=19632, stack(0x0000000032330000,0x0000000032430000) (1024K)]
  0x0000000031b7dc20 JavaThread "File watcher consumer"      daemon [_thread_blocked, id=14264, stack(0x00000000334c0000,0x00000000335c0000) (1024K)]
  0x0000000031b7e940 JavaThread "Cache worker for checksums cache (C:\Users\frank\Downloads\ESPBridge\.gradle\8.9\checksums)"        [_thread_blocked, id=3900, stack(0x00000000335c0000,0x00000000336c0000) (1024K)]
  0x0000000031b7d590 JavaThread "Cache worker for file content cache (D:\codex-cache\espbridge-gradle\caches\8.9\fileContent)"        [_thread_blocked, id=24124, stack(0x00000000336c0000,0x00000000337c0000) (1024K)]
  0x0000000031b7c870 JavaThread "Cache worker for cache directory md-rule (D:\codex-cache\espbridge-gradle\caches\8.9\md-rule)"        [_thread_blocked, id=6104, stack(0x00000000337c0000,0x00000000338c0000) (1024K)]
  0x0000000031b7cf00 JavaThread "Cache worker for cache directory md-supplier (D:\codex-cache\espbridge-gradle\caches\8.9\md-supplier)"        [_thread_blocked, id=19556, stack(0x00000000338c0000,0x00000000339c0000) (1024K)]
  0x0000000031b82450 JavaThread "Unconstrained build operations"        [_thread_blocked, id=23264, stack(0x0000000031040000,0x0000000031140000) (1024K)]
  0x0000000031b810a0 JavaThread "Unconstrained build operations Thread 2"        [_thread_blocked, id=20396, stack(0x0000000034990000,0x0000000034a90000) (1024K)]
  0x0000000031b81730 JavaThread "Unconstrained build operations Thread 3"        [_thread_blocked, id=17840, stack(0x0000000034a90000,0x0000000034b90000) (1024K)]
  0x0000000032d84270 JavaThread "Memory manager"                    [_thread_blocked, id=23856, stack(0x0000000034b90000,0x0000000034c90000) (1024K)]
  0x0000000032d83be0 JavaThread "build event listener"              [_thread_blocked, id=12696, stack(0x0000000034c90000,0x0000000034d90000) (1024K)]
  0x0000000032d869d0 JavaThread "ForkJoinPool.commonPool-worker-1" daemon [_thread_blocked, id=24964, stack(0x0000000034d90000,0x0000000034e90000) (1024K)]
  0x0000000032d88aa0 JavaThread "ForkJoinPool.commonPool-worker-2" daemon [_thread_blocked, id=9916, stack(0x0000000034e90000,0x0000000034f90000) (1024K)]
  0x0000000032d87060 JavaThread "ForkJoinPool.commonPool-worker-3" daemon [_thread_blocked, id=22040, stack(0x0000000034f90000,0x0000000035090000) (1024K)]
  0x0000000032d876f0 JavaThread "Exec process"               daemon [_thread_blocked, id=19192, stack(0x0000000035090000,0x0000000035190000) (1024K)]
  0x0000000032d88410 JavaThread "Exec process Thread 2"      daemon [_thread_blocked, id=25060, stack(0x00000000361b0000,0x00000000362b0000) (1024K)]
  0x0000000032d87d80 JavaThread "Exec process Thread 3"      daemon [_thread_blocked, id=26316, stack(0x00000000362b0000,0x00000000363b0000) (1024K)]
  0x000000003497de50 JavaThread "pool-3-thread-1"                   [_thread_blocked, id=15800, stack(0x00000000363b0000,0x00000000364b0000) (1024K)]
  0x000000003497e4e0 JavaThread "build event listener"              [_thread_blocked, id=22948, stack(0x00000000364b0000,0x00000000365b0000) (1024K)]
  0x000000003497bd80 JavaThread "included builds"                   [_thread_blocked, id=12860, stack(0x00000000365b0000,0x00000000366b0000) (1024K)]
  0x000000003497c410 JavaThread "Cache worker for execution history cache (C:\Users\frank\Downloads\ESPBridge\.gradle\8.9\executionHistory)"        [_thread_blocked, id=16852, stack(0x00000000366b0000,0x00000000367b0000) (1024K)]
  0x000000002e08c670 JavaThread "Unconstrained build operations Thread 4"        [_thread_blocked, id=16700, stack(0x00000000367b0000,0x00000000368b0000) (1024K)]
  0x000000002e08bfe0 JavaThread "Unconstrained build operations Thread 5"        [_thread_blocked, id=15672, stack(0x00000000368b0000,0x00000000369b0000) (1024K)]
  0x000000002e08e740 JavaThread "Unconstrained build operations Thread 6"        [_thread_blocked, id=22812, stack(0x00000000369b0000,0x0000000036ab0000) (1024K)]
  0x000000002e090180 JavaThread "Unconstrained build operations Thread 7"        [_thread_blocked, id=11280, stack(0x0000000036ab0000,0x0000000036bb0000) (1024K)]
  0x000000002e08f460 JavaThread "Unconstrained build operations Thread 8"        [_thread_blocked, id=10200, stack(0x0000000036e30000,0x0000000036f30000) (1024K)]
  0x000000002e08faf0 JavaThread "Unconstrained build operations Thread 9"        [_thread_blocked, id=25808, stack(0x0000000036bb0000,0x0000000036cb0000) (1024K)]
  0x000000002e08cd00 JavaThread "Unconstrained build operations Thread 10"        [_thread_blocked, id=8212, stack(0x0000000036cb0000,0x0000000036db0000) (1024K)]
  0x000000002e091bc0 JavaThread "WorkerExecutor Queue"              [_thread_blocked, id=2268, stack(0x000000003bfd0000,0x000000003c0d0000) (1024K)]
  0x000000002e091530 JavaThread "pool-4-thread-1"                   [_thread_blocked, id=21656, stack(0x000000003c0d0000,0x000000003c1d0000) (1024K)]
Total: 56

Other Threads:
=>0x0000000019099ce0 VMThread "VM Thread"                           [id=26872, stack(0x0000000019390000,0x0000000019490000) (1024K)]
  0x000000001908bbc0 WatcherThread "VM Periodic Task Thread"        [id=16520, stack(0x0000000019290000,0x0000000019390000) (1024K)]
  0x0000000003428b50 WorkerThread "GC Thread#0"                     [id=27296, stack(0x0000000016620000,0x0000000016720000) (1024K)]
  0x000000002d2d3000 WorkerThread "GC Thread#1"                     [id=15844, stack(0x0000000019e90000,0x0000000019f90000) (1024K)]
  0x000000002d2d33b0 WorkerThread "GC Thread#2"                     [id=3804, stack(0x000000002dc00000,0x000000002dd00000) (1024K)]
  0x000000002df5c220 WorkerThread "GC Thread#3"                     [id=23428, stack(0x000000002ef30000,0x000000002f030000) (1024K)]
  0x000000000342d260 ConcurrentGCThread "G1 Main Marker"            [id=14172, stack(0x0000000016720000,0x0000000016820000) (1024K)]
  0x000000000342dc80 WorkerThread "G1 Conc#0"                       [id=14044, stack(0x0000000016820000,0x0000000016920000) (1024K)]
  0x00000000034b8510 ConcurrentGCThread "G1 Refine#0"               [id=19732, stack(0x0000000018d60000,0x0000000018e60000) (1024K)]
  0x00000000034bb440 ConcurrentGCThread "G1 Service"                [id=14552, stack(0x0000000018e60000,0x0000000018f60000) (1024K)]
Total: 10

Threads with active compile tasks:
Total: 0

VM state: at safepoint (normal execution)

VM Mutex/Monitor currently owned by a thread:  ([mutex/lock_event])
[0x00007ffb1e80adb0] Threads_lock - owner thread: 0x0000000019099ce0
[0x00007ffb1e80aeb0] Heap_lock - owner thread: 0x000000000342d260

Heap address: 0x00000000e8000000, size: 384 MB, Compressed Oops mode: 32-bit

CDS archive(s) mapped at: [0x000000001a000000-0x000000001bc20000-0x000000001bc20000), size 29491200, SharedBaseAddress: 0x000000001a000000, ArchiveRelocationMode: 1.
Compressed class space mapped at: 0x000000001c000000-0x0000000029000000, reserved size: 218103808
Narrow klass base: 0x000000001a000000, Narrow klass shift: 0, Narrow klass range: 0x100000000

GC Precious Log:
 CardTable entry size: 512
 Card Set container configuration: InlinePtr #cards 5 size 8 Array Of Cards #cards 12 size 40 Howl #buckets 4 coarsen threshold 1843 Howl Bitmap #cards 512 size 80 coarsen threshold 460 Card regions per heap region 1 cards per card region 2048
 CPUs: 4 total, 4 available
 Memory: 7991M
 Large Page Support: Disabled
 NUMA Support: Disabled
 Compressed Oops: Enabled (32-bit)
 Heap Region Size: 1M
 Heap Min Capacity: 8M
 Heap Initial Capacity: 126M
 Heap Max Capacity: 384M
 Pre-touch: Disabled
 Parallel Workers: 4
 Concurrent Workers: 1
 Concurrent Refinement Workers: 4
 Periodic GC: Disabled

Heap:
 garbage-first heap   total 206848K, used 160622K [0x00000000e8000000, 0x0000000100000000)
  region size 1024K, 18 young (18432K), 7 survivors (7168K)
 Metaspace       used 141665K, committed 143808K, reserved 344064K
  class space    used 19701K, committed 20736K, reserved 212992K

Heap Regions: E=young(eden), S=young(survivor), O=old, HS=humongous(starts), HC=humongous(continues), CS=collection set, F=free, TAMS=top-at-mark-start, PB=parsable bottom
|   0|0x00000000e8000000, 0x00000000e8100000, 0x00000000e8100000|100%|HS|  |TAMS 0x00000000e8100000| PB 0x00000000e8000000| Complete 
|   1|0x00000000e8100000, 0x00000000e8200000, 0x00000000e8200000|100%|HC|  |TAMS 0x00000000e8200000| PB 0x00000000e8100000| Complete 
|   2|0x00000000e8200000, 0x00000000e8300000, 0x00000000e8300000|100%|HC|  |TAMS 0x00000000e8300000| PB 0x00000000e8200000| Complete 
|   3|0x00000000e8300000, 0x00000000e8400000, 0x00000000e8400000|100%|HC|  |TAMS 0x00000000e8400000| PB 0x00000000e8300000| Complete 
|   4|0x00000000e8400000, 0x00000000e8500000, 0x00000000e8500000|100%| O|  |TAMS 0x00000000e8500000| PB 0x00000000e8500000| Untracked 
|   5|0x00000000e8500000, 0x00000000e8600000, 0x00000000e8600000|100%| O|  |TAMS 0x00000000e8600000| PB 0x00000000e8600000| Untracked 
|   6|0x00000000e8600000, 0x00000000e8700000, 0x00000000e8700000|100%| O|  |TAMS 0x00000000e8700000| PB 0x00000000e8700000| Untracked 
|   7|0x00000000e8700000, 0x00000000e8800000, 0x00000000e8800000|100%|HS|  |TAMS 0x00000000e8800000| PB 0x00000000e8700000| Complete 
|   8|0x00000000e8800000, 0x00000000e8900000, 0x00000000e8900000|100%| O|  |TAMS 0x00000000e8900000| PB 0x00000000e8900000| Untracked 
|   9|0x00000000e8900000, 0x00000000e8a00000, 0x00000000e8a00000|100%| O|  |TAMS 0x00000000e8a00000| PB 0x00000000e8a00000| Untracked 
|  10|0x00000000e8a00000, 0x00000000e8b00000, 0x00000000e8b00000|100%| O|  |TAMS 0x00000000e8b00000| PB 0x00000000e8b00000| Updating 
|  11|0x00000000e8b00000, 0x00000000e8c00000, 0x00000000e8c00000|100%| O|  |TAMS 0x00000000e8c00000| PB 0x00000000e8c00000| Updating 
|  12|0x00000000e8c00000, 0x00000000e8d00000, 0x00000000e8d00000|100%| O|  |TAMS 0x00000000e8d00000| PB 0x00000000e8d00000| Untracked 
|  13|0x00000000e8d00000, 0x00000000e8e00000, 0x00000000e8e00000|100%| O|  |TAMS 0x00000000e8e00000| PB 0x00000000e8e00000| Untracked 
|  14|0x00000000e8e00000, 0x00000000e8f00000, 0x00000000e8f00000|100%| O|  |TAMS 0x00000000e8f00000| PB 0x00000000e8f00000| Untracked 
|  15|0x00000000e8f00000, 0x00000000e9000000, 0x00000000e9000000|100%| O|  |TAMS 0x00000000e9000000| PB 0x00000000e9000000| Untracked 
|  16|0x00000000e9000000, 0x00000000e9100000, 0x00000000e9100000|100%| O|  |TAMS 0x00000000e9100000| PB 0x00000000e9100000| Untracked 
|  17|0x00000000e9100000, 0x00000000e9200000, 0x00000000e9200000|100%| O|  |TAMS 0x00000000e9200000| PB 0x00000000e9200000| Untracked 
|  18|0x00000000e9200000, 0x00000000e9300000, 0x00000000e9300000|100%| O|  |TAMS 0x00000000e9300000| PB 0x00000000e9300000| Untracked 
|  19|0x00000000e9300000, 0x00000000e9400000, 0x00000000e9400000|100%| O|  |TAMS 0x00000000e9400000| PB 0x00000000e9400000| Updating 
|  20|0x00000000e9400000, 0x00000000e9500000, 0x00000000e9500000|100%| O|  |TAMS 0x00000000e9500000| PB 0x00000000e9500000| Updating 
|  21|0x00000000e9500000, 0x00000000e9600000, 0x00000000e9600000|100%| O|  |TAMS 0x00000000e9600000| PB 0x00000000e9600000| Untracked 
|  22|0x00000000e9600000, 0x00000000e9700000, 0x00000000e9700000|100%| O|  |TAMS 0x00000000e9700000| PB 0x00000000e9700000| Untracked 
|  23|0x00000000e9700000, 0x00000000e9800000, 0x00000000e9800000|100%| O|  |TAMS 0x00000000e9800000| PB 0x00000000e9800000| Untracked 
|  24|0x00000000e9800000, 0x00000000e9900000, 0x00000000e9900000|100%| O|  |TAMS 0x00000000e9900000| PB 0x00000000e9900000| Untracked 
|  25|0x00000000e9900000, 0x00000000e9a00000, 0x00000000e9a00000|100%| O|  |TAMS 0x00000000e9a00000| PB 0x00000000e9a00000| Untracked 
|  26|0x00000000e9a00000, 0x00000000e9b00000, 0x00000000e9b00000|100%| O|  |TAMS 0x00000000e9b00000| PB 0x00000000e9b00000| Untracked 
|  27|0x00000000e9b00000, 0x00000000e9c00000, 0x00000000e9c00000|100%| O|  |TAMS 0x00000000e9c00000| PB 0x00000000e9c00000| Untracked 
|  28|0x00000000e9c00000, 0x00000000e9d00000, 0x00000000e9d00000|100%| O|  |TAMS 0x00000000e9d00000| PB 0x00000000e9d00000| Untracked 
|  29|0x00000000e9d00000, 0x00000000e9e00000, 0x00000000e9e00000|100%| O|  |TAMS 0x00000000e9e00000| PB 0x00000000e9e00000| Untracked 
|  30|0x00000000e9e00000, 0x00000000e9f00000, 0x00000000e9f00000|100%| O|  |TAMS 0x00000000e9f00000| PB 0x00000000e9f00000| Untracked 
|  31|0x00000000e9f00000, 0x00000000ea000000, 0x00000000ea000000|100%| O|  |TAMS 0x00000000ea000000| PB 0x00000000ea000000| Untracked 
|  32|0x00000000ea000000, 0x00000000ea100000, 0x00000000ea100000|100%| O|  |TAMS 0x00000000ea100000| PB 0x00000000ea100000| Untracked 
|  33|0x00000000ea100000, 0x00000000ea200000, 0x00000000ea200000|100%| O|  |TAMS 0x00000000ea200000| PB 0x00000000ea200000| Untracked 
|  34|0x00000000ea200000, 0x00000000ea300000, 0x00000000ea300000|100%| O|  |TAMS 0x00000000ea300000| PB 0x00000000ea300000| Updating 
|  35|0x00000000ea300000, 0x00000000ea400000, 0x00000000ea400000|100%| O|  |TAMS 0x00000000ea400000| PB 0x00000000ea400000| Untracked 
|  36|0x00000000ea400000, 0x00000000ea500000, 0x00000000ea500000|100%| O|  |TAMS 0x00000000ea500000| PB 0x00000000ea500000| Untracked 
|  37|0x00000000ea500000, 0x00000000ea600000, 0x00000000ea600000|100%| O|  |TAMS 0x00000000ea600000| PB 0x00000000ea600000| Untracked 
|  38|0x00000000ea600000, 0x00000000ea700000, 0x00000000ea700000|100%|HS|  |TAMS 0x00000000ea700000| PB 0x00000000ea600000| Complete 
|  39|0x00000000ea700000, 0x00000000ea800000, 0x00000000ea800000|100%|HS|  |TAMS 0x00000000ea800000| PB 0x00000000ea700000| Complete 
|  40|0x00000000ea800000, 0x00000000ea900000, 0x00000000ea900000|100%|HS|  |TAMS 0x00000000ea900000| PB 0x00000000ea800000| Complete 
|  41|0x00000000ea900000, 0x00000000eaa00000, 0x00000000eaa00000|100%| O|  |TAMS 0x00000000eaa00000| PB 0x00000000eaa00000| Untracked 
|  42|0x00000000eaa00000, 0x00000000eab00000, 0x00000000eab00000|100%| O|  |TAMS 0x00000000eab00000| PB 0x00000000eab00000| Untracked 
|  43|0x00000000eab00000, 0x00000000eac00000, 0x00000000eac00000|100%| O|  |TAMS 0x00000000eac00000| PB 0x00000000eac00000| Untracked 
|  44|0x00000000eac00000, 0x00000000ead00000, 0x00000000ead00000|100%| O|  |TAMS 0x00000000ead00000| PB 0x00000000ead00000| Untracked 
|  45|0x00000000ead00000, 0x00000000eae00000, 0x00000000eae00000|100%|HS|  |TAMS 0x00000000eae00000| PB 0x00000000ead00000| Complete 
|  46|0x00000000eae00000, 0x00000000eaf00000, 0x00000000eaf00000|100%| O|  |TAMS 0x00000000eaf00000| PB 0x00000000eaf00000| Untracked 
|  47|0x00000000eaf00000, 0x00000000eb000000, 0x00000000eb000000|100%| O|  |TAMS 0x00000000eb000000| PB 0x00000000eb000000| Untracked 
|  48|0x00000000eb000000, 0x00000000eb100000, 0x00000000eb100000|100%| O|  |TAMS 0x00000000eb100000| PB 0x00000000eb100000| Untracked 
|  49|0x00000000eb100000, 0x00000000eb200000, 0x00000000eb200000|100%| O|  |TAMS 0x00000000eb200000| PB 0x00000000eb200000| Untracked 
|  50|0x00000000eb200000, 0x00000000eb300000, 0x00000000eb300000|100%|HS|  |TAMS 0x00000000eb300000| PB 0x00000000eb200000| Complete 
|  51|0x00000000eb300000, 0x00000000eb400000, 0x00000000eb400000|100%|HC|  |TAMS 0x00000000eb400000| PB 0x00000000eb300000| Complete 
|  52|0x00000000eb400000, 0x00000000eb500000, 0x00000000eb500000|100%|HS|  |TAMS 0x00000000eb500000| PB 0x00000000eb400000| Complete 
|  53|0x00000000eb500000, 0x00000000eb600000, 0x00000000eb600000|100%|HC|  |TAMS 0x00000000eb600000| PB 0x00000000eb500000| Complete 
|  54|0x00000000eb600000, 0x00000000eb700000, 0x00000000eb700000|100%|HS|  |TAMS 0x00000000eb700000| PB 0x00000000eb600000| Complete 
|  55|0x00000000eb700000, 0x00000000eb800000, 0x00000000eb800000|100%|HC|  |TAMS 0x00000000eb800000| PB 0x00000000eb700000| Complete 
|  56|0x00000000eb800000, 0x00000000eb900000, 0x00000000eb900000|100%|HC|  |TAMS 0x00000000eb900000| PB 0x00000000eb800000| Complete 
|  57|0x00000000eb900000, 0x00000000eba00000, 0x00000000eba00000|100%|HS|  |TAMS 0x00000000eba00000| PB 0x00000000eb900000| Complete 
|  58|0x00000000eba00000, 0x00000000ebb00000, 0x00000000ebb00000|100%|HS|  |TAMS 0x00000000ebb00000| PB 0x00000000eba00000| Complete 
|  59|0x00000000ebb00000, 0x00000000ebc00000, 0x00000000ebc00000|100%| O|  |TAMS 0x00000000ebc00000| PB 0x00000000ebc00000| Updating 
|  60|0x00000000ebc00000, 0x00000000ebd00000, 0x00000000ebd00000|100%| O|  |TAMS 0x00000000ebd00000| PB 0x00000000ebd00000| Untracked 
|  61|0x00000000ebd00000, 0x00000000ebe00000, 0x00000000ebe00000|100%| O|  |TAMS 0x00000000ebe00000| PB 0x00000000ebe00000| Untracked 
|  62|0x00000000ebe00000, 0x00000000ebf00000, 0x00000000ebf00000|100%| O|  |TAMS 0x00000000ebf00000| PB 0x00000000ebf00000| Untracked 
|  63|0x00000000ebf00000, 0x00000000ec000000, 0x00000000ec000000|100%|HS|  |TAMS 0x00000000ec000000| PB 0x00000000ebf00000| Complete 
|  64|0x00000000ec000000, 0x00000000ec100000, 0x00000000ec100000|100%| O|  |TAMS 0x00000000ec100000| PB 0x00000000ec100000| Untracked 
|  65|0x00000000ec100000, 0x00000000ec200000, 0x00000000ec200000|100%| O|  |TAMS 0x00000000ec200000| PB 0x00000000ec200000| Untracked 
|  66|0x00000000ec200000, 0x00000000ec300000, 0x00000000ec300000|100%| O|  |TAMS 0x00000000ec300000| PB 0x00000000ec300000| Untracked 
|  67|0x00000000ec300000, 0x00000000ec400000, 0x00000000ec400000|100%| O|  |TAMS 0x00000000ec400000| PB 0x00000000ec400000| Untracked 
|  68|0x00000000ec400000, 0x00000000ec500000, 0x00000000ec500000|100%| O|  |TAMS 0x00000000ec500000| PB 0x00000000ec500000| Updating 
|  69|0x00000000ec500000, 0x00000000ec600000, 0x00000000ec600000|100%|HS|  |TAMS 0x00000000ec600000| PB 0x00000000ec500000| Complete 
|  70|0x00000000ec600000, 0x00000000ec700000, 0x00000000ec700000|100%|HC|  |TAMS 0x00000000ec700000| PB 0x00000000ec600000| Complete 
|  71|0x00000000ec700000, 0x00000000ec800000, 0x00000000ec800000|100%|HC|  |TAMS 0x00000000ec800000| PB 0x00000000ec700000| Complete 
|  72|0x00000000ec800000, 0x00000000ec900000, 0x00000000ec900000|100%| O|  |TAMS 0x00000000ec900000| PB 0x00000000ec900000| Untracked 
|  73|0x00000000ec900000, 0x00000000eca00000, 0x00000000eca00000|100%| O|  |TAMS 0x00000000eca00000| PB 0x00000000eca00000| Untracked 
|  74|0x00000000eca00000, 0x00000000ecb00000, 0x00000000ecb00000|100%| O|  |TAMS 0x00000000ecb00000| PB 0x00000000ecb00000| Untracked 
|  75|0x00000000ecb00000, 0x00000000ecc00000, 0x00000000ecc00000|100%| O|  |TAMS 0x00000000ecc00000| PB 0x00000000ecc00000| Untracked 
|  76|0x00000000ecc00000, 0x00000000ecd00000, 0x00000000ecd00000|100%| O|  |TAMS 0x00000000ecd00000| PB 0x00000000ecd00000| Untracked 
|  77|0x00000000ecd00000, 0x00000000ece00000, 0x00000000ece00000|100%| O|  |TAMS 0x00000000ece00000| PB 0x00000000ece00000| Untracked 
|  78|0x00000000ece00000, 0x00000000ecf00000, 0x00000000ecf00000|100%| O|  |TAMS 0x00000000ecf00000| PB 0x00000000ecf00000| Untracked 
|  79|0x00000000ecf00000, 0x00000000ed000000, 0x00000000ed000000|100%| O|  |TAMS 0x00000000ed000000| PB 0x00000000ed000000| Updating 
|  80|0x00000000ed000000, 0x00000000ed100000, 0x00000000ed100000|100%| O|  |TAMS 0x00000000ed100000| PB 0x00000000ed100000| Updating 
|  81|0x00000000ed100000, 0x00000000ed200000, 0x00000000ed200000|100%| O|  |TAMS 0x00000000ed200000| PB 0x00000000ed200000| Untracked 
|  82|0x00000000ed200000, 0x00000000ed300000, 0x00000000ed300000|100%| O|  |TAMS 0x00000000ed300000| PB 0x00000000ed300000| Untracked 
|  83|0x00000000ed300000, 0x00000000ed400000, 0x00000000ed400000|100%| O|  |TAMS 0x00000000ed400000| PB 0x00000000ed400000| Untracked 
|  84|0x00000000ed400000, 0x00000000ed500000, 0x00000000ed500000|100%| O|  |TAMS 0x00000000ed500000| PB 0x00000000ed500000| Untracked 
|  85|0x00000000ed500000, 0x00000000ed600000, 0x00000000ed600000|100%| O|  |TAMS 0x00000000ed600000| PB 0x00000000ed600000| Untracked 
|  86|0x00000000ed600000, 0x00000000ed700000, 0x00000000ed700000|100%| O|  |TAMS 0x00000000ed700000| PB 0x00000000ed700000| Untracked 
|  87|0x00000000ed700000, 0x00000000ed800000, 0x00000000ed800000|100%| O|  |TAMS 0x00000000ed800000| PB 0x00000000ed800000| Untracked 
|  88|0x00000000ed800000, 0x00000000ed900000, 0x00000000ed900000|100%| O|  |TAMS 0x00000000ed900000| PB 0x00000000ed900000| Untracked 
|  89|0x00000000ed900000, 0x00000000eda00000, 0x00000000eda00000|100%| O|  |TAMS 0x00000000eda00000| PB 0x00000000eda00000| Untracked 
|  90|0x00000000eda00000, 0x00000000edb00000, 0x00000000edb00000|100%| O|  |TAMS 0x00000000edb00000| PB 0x00000000edb00000| Untracked 
|  91|0x00000000edb00000, 0x00000000edc00000, 0x00000000edc00000|100%| O|  |TAMS 0x00000000edc00000| PB 0x00000000edc00000| Untracked 
|  92|0x00000000edc00000, 0x00000000edd00000, 0x00000000edd00000|100%| O|  |TAMS 0x00000000edd00000| PB 0x00000000edd00000| Untracked 
|  93|0x00000000edd00000, 0x00000000ede00000, 0x00000000ede00000|100%| O|  |TAMS 0x00000000ede00000| PB 0x00000000ede00000| Updating 
|  94|0x00000000ede00000, 0x00000000edf00000, 0x00000000edf00000|100%| O|  |TAMS 0x00000000edf00000| PB 0x00000000edf00000| Untracked 
|  95|0x00000000edf00000, 0x00000000ee000000, 0x00000000ee000000|100%| O|  |TAMS 0x00000000ee000000| PB 0x00000000ee000000| Untracked 
|  96|0x00000000ee000000, 0x00000000ee100000, 0x00000000ee100000|100%| O|  |TAMS 0x00000000ee100000| PB 0x00000000ee100000| Untracked 
|  97|0x00000000ee100000, 0x00000000ee200000, 0x00000000ee200000|100%| O|  |TAMS 0x00000000ee200000| PB 0x00000000ee200000| Updating 
|  98|0x00000000ee200000, 0x00000000ee300000, 0x00000000ee300000|100%| O|  |TAMS 0x00000000ee300000| PB 0x00000000ee300000| Updating 
|  99|0x00000000ee300000, 0x00000000ee400000, 0x00000000ee400000|100%| O|  |TAMS 0x00000000ee400000| PB 0x00000000ee400000| Untracked 
| 100|0x00000000ee400000, 0x00000000ee500000, 0x00000000ee500000|100%| O|  |TAMS 0x00000000ee500000| PB 0x00000000ee500000| Untracked 
| 101|0x00000000ee500000, 0x00000000ee600000, 0x00000000ee600000|100%| O|  |TAMS 0x00000000ee600000| PB 0x00000000ee600000| Updating 
| 102|0x00000000ee600000, 0x00000000ee700000, 0x00000000ee700000|100%| O|  |TAMS 0x00000000ee600000| PB 0x00000000ee600000| Untracked 
| 103|0x00000000ee700000, 0x00000000ee800000, 0x00000000ee800000|100%| O|  |TAMS 0x00000000ee800000| PB 0x00000000ee800000| Untracked 
| 104|0x00000000ee800000, 0x00000000ee900000, 0x00000000ee900000|100%| O|  |TAMS 0x00000000ee900000| PB 0x00000000ee900000| Untracked 
| 105|0x00000000ee900000, 0x00000000eea00000, 0x00000000eea00000|100%| O|  |TAMS 0x00000000eea00000| PB 0x00000000eea00000| Untracked 
| 106|0x00000000eea00000, 0x00000000eeb00000, 0x00000000eeb00000|100%| O|  |TAMS 0x00000000eeb00000| PB 0x00000000eeb00000| Untracked 
| 107|0x00000000eeb00000, 0x00000000eec00000, 0x00000000eec00000|100%| O|  |TAMS 0x00000000eec00000| PB 0x00000000eec00000| Untracked 
| 108|0x00000000eec00000, 0x00000000eed00000, 0x00000000eed00000|100%| O|  |TAMS 0x00000000eed00000| PB 0x00000000eed00000| Untracked 
| 109|0x00000000eed00000, 0x00000000eee00000, 0x00000000eee00000|100%| O|  |TAMS 0x00000000eed00000| PB 0x00000000eed00000| Untracked 
| 110|0x00000000eee00000, 0x00000000eef00000, 0x00000000eef00000|100%| O|  |TAMS 0x00000000eef00000| PB 0x00000000eef00000| Untracked 
| 111|0x00000000eef00000, 0x00000000ef000000, 0x00000000ef000000|100%| O|  |TAMS 0x00000000ef000000| PB 0x00000000ef000000| Untracked 
| 112|0x00000000ef000000, 0x00000000ef100000, 0x00000000ef100000|100%| O|  |TAMS 0x00000000ef100000| PB 0x00000000ef100000| Untracked 
| 113|0x00000000ef100000, 0x00000000ef200000, 0x00000000ef200000|100%| O|  |TAMS 0x00000000ef200000| PB 0x00000000ef200000| Untracked 
| 114|0x00000000ef200000, 0x00000000ef300000, 0x00000000ef300000|100%| O|  |TAMS 0x00000000ef300000| PB 0x00000000ef300000| Untracked 
| 115|0x00000000ef300000, 0x00000000ef400000, 0x00000000ef400000|100%| O|  |TAMS 0x00000000ef400000| PB 0x00000000ef400000| Untracked 
| 116|0x00000000ef400000, 0x00000000ef500000, 0x00000000ef500000|100%| O|  |TAMS 0x00000000ef500000| PB 0x00000000ef500000| Untracked 
| 117|0x00000000ef500000, 0x00000000ef600000, 0x00000000ef600000|100%| O|  |TAMS 0x00000000ef600000| PB 0x00000000ef600000| Updating 
| 118|0x00000000ef600000, 0x00000000ef700000, 0x00000000ef700000|100%| O|  |TAMS 0x00000000ef700000| PB 0x00000000ef700000| Untracked 
| 119|0x00000000ef700000, 0x00000000ef800000, 0x00000000ef800000|100%| O|  |TAMS 0x00000000ef800000| PB 0x00000000ef800000| Untracked 
| 120|0x00000000ef800000, 0x00000000ef900000, 0x00000000ef900000|100%| O|  |TAMS 0x00000000ef900000| PB 0x00000000ef900000| Untracked 
| 121|0x00000000ef900000, 0x00000000efa00000, 0x00000000efa00000|100%| O|  |TAMS 0x00000000efa00000| PB 0x00000000efa00000| Updating 
| 122|0x00000000efa00000, 0x00000000efb00000, 0x00000000efb00000|100%| O|  |TAMS 0x00000000efb00000| PB 0x00000000efb00000| Untracked 
| 123|0x00000000efb00000, 0x00000000efc00000, 0x00000000efc00000|100%| O|  |TAMS 0x00000000efc00000| PB 0x00000000efc00000| Untracked 
| 124|0x00000000efc00000, 0x00000000efd00000, 0x00000000efd00000|100%| O|  |TAMS 0x00000000efd00000| PB 0x00000000efd00000| Untracked 
| 125|0x00000000efd00000, 0x00000000efe00000, 0x00000000efe00000|100%| O|  |TAMS 0x00000000efe00000| PB 0x00000000efe00000| Untracked 
| 126|0x00000000efe00000, 0x00000000eff00000, 0x00000000eff00000|100%| O|  |TAMS 0x00000000eff00000| PB 0x00000000eff00000| Untracked 
| 127|0x00000000eff00000, 0x00000000f0000000, 0x00000000f0000000|100%| O|  |TAMS 0x00000000f0000000| PB 0x00000000f0000000| Untracked 
| 128|0x00000000f0000000, 0x00000000f0100000, 0x00000000f0100000|100%| O|  |TAMS 0x00000000f0100000| PB 0x00000000f0100000| Untracked 
| 129|0x00000000f0100000, 0x00000000f0200000, 0x00000000f0200000|100%| O|  |TAMS 0x00000000f0200000| PB 0x00000000f0200000| Untracked 
| 130|0x00000000f0200000, 0x00000000f0300000, 0x00000000f0300000|100%| O|  |TAMS 0x00000000f0300000| PB 0x00000000f0300000| Updating 
| 131|0x00000000f0300000, 0x00000000f0400000, 0x00000000f0400000|100%| O|  |TAMS 0x00000000f035b7d8| PB 0x00000000f035b7d8| Updating 
| 132|0x00000000f0400000, 0x00000000f0500000, 0x00000000f0500000|100%| O|  |TAMS 0x00000000f0400000| PB 0x00000000f0400000| Untracked 
| 133|0x00000000f0500000, 0x00000000f0600000, 0x00000000f0600000|100%| O|  |TAMS 0x00000000f0500000| PB 0x00000000f0500000| Untracked 
| 134|0x00000000f0600000, 0x00000000f0700000, 0x00000000f0700000|100%| O|  |TAMS 0x00000000f0600000| PB 0x00000000f0600000| Untracked 
| 135|0x00000000f0700000, 0x00000000f07db800, 0x00000000f0800000| 85%| O|  |TAMS 0x00000000f0700000| PB 0x00000000f0700000| Untracked 
| 136|0x00000000f0800000, 0x00000000f0800000, 0x00000000f0900000|  0%| F|  |TAMS 0x00000000f0800000| PB 0x00000000f0800000| Untracked 
| 137|0x00000000f0900000, 0x00000000f0900000, 0x00000000f0a00000|  0%| F|  |TAMS 0x00000000f0900000| PB 0x00000000f0900000| Untracked 
| 138|0x00000000f0a00000, 0x00000000f0a00000, 0x00000000f0b00000|  0%| F|  |TAMS 0x00000000f0a00000| PB 0x00000000f0a00000| Untracked 
| 139|0x00000000f0b00000, 0x00000000f0b00000, 0x00000000f0c00000|  0%| F|  |TAMS 0x00000000f0b00000| PB 0x00000000f0b00000| Untracked 
| 140|0x00000000f0c00000, 0x00000000f0d00000, 0x00000000f0d00000|100%| S|CS|TAMS 0x00000000f0c00000| PB 0x00000000f0c00000| Complete 
| 141|0x00000000f0d00000, 0x00000000f0e00000, 0x00000000f0e00000|100%| S|CS|TAMS 0x00000000f0d00000| PB 0x00000000f0d00000| Complete 
| 142|0x00000000f0e00000, 0x00000000f0f00000, 0x00000000f0f00000|100%| S|CS|TAMS 0x00000000f0e00000| PB 0x00000000f0e00000| Complete 
| 143|0x00000000f0f00000, 0x00000000f1000000, 0x00000000f1000000|100%| S|CS|TAMS 0x00000000f0f00000| PB 0x00000000f0f00000| Complete 
| 144|0x00000000f1000000, 0x00000000f1100000, 0x00000000f1100000|100%| S|CS|TAMS 0x00000000f1000000| PB 0x00000000f1000000| Complete 
| 145|0x00000000f1100000, 0x00000000f1200000, 0x00000000f1200000|100%| S|CS|TAMS 0x00000000f1100000| PB 0x00000000f1100000| Complete 
| 146|0x00000000f1200000, 0x00000000f1300000, 0x00000000f1300000|100%| S|CS|TAMS 0x00000000f1200000| PB 0x00000000f1200000| Complete 
| 147|0x00000000f1300000, 0x00000000f1300000, 0x00000000f1400000|  0%| F|  |TAMS 0x00000000f1300000| PB 0x00000000f1300000| Untracked 
| 148|0x00000000f1400000, 0x00000000f1400000, 0x00000000f1500000|  0%| F|  |TAMS 0x00000000f1400000| PB 0x00000000f1400000| Untracked 
| 149|0x00000000f1500000, 0x00000000f1500000, 0x00000000f1600000|  0%| F|  |TAMS 0x00000000f1500000| PB 0x00000000f1500000| Untracked 
| 150|0x00000000f1600000, 0x00000000f1600000, 0x00000000f1700000|  0%| F|  |TAMS 0x00000000f1600000| PB 0x00000000f1600000| Untracked 
| 151|0x00000000f1700000, 0x00000000f1700000, 0x00000000f1800000|  0%| F|  |TAMS 0x00000000f1700000| PB 0x00000000f1700000| Untracked 
| 152|0x00000000f1800000, 0x00000000f1800000, 0x00000000f1900000|  0%| F|  |TAMS 0x00000000f1800000| PB 0x00000000f1800000| Untracked 
| 153|0x00000000f1900000, 0x00000000f1900000, 0x00000000f1a00000|  0%| F|  |TAMS 0x00000000f1900000| PB 0x00000000f1900000| Untracked 
| 154|0x00000000f1a00000, 0x00000000f1a00000, 0x00000000f1b00000|  0%| F|  |TAMS 0x00000000f1a00000| PB 0x00000000f1a00000| Untracked 
| 155|0x00000000f1b00000, 0x00000000f1b00000, 0x00000000f1c00000|  0%| F|  |TAMS 0x00000000f1b00000| PB 0x00000000f1b00000| Untracked 
| 156|0x00000000f1c00000, 0x00000000f1c00000, 0x00000000f1d00000|  0%| F|  |TAMS 0x00000000f1c00000| PB 0x00000000f1c00000| Untracked 
| 157|0x00000000f1d00000, 0x00000000f1d00000, 0x00000000f1e00000|  0%| F|  |TAMS 0x00000000f1d00000| PB 0x00000000f1d00000| Untracked 
| 158|0x00000000f1e00000, 0x00000000f1e00000, 0x00000000f1f00000|  0%| F|  |TAMS 0x00000000f1e00000| PB 0x00000000f1e00000| Untracked 
| 159|0x00000000f1f00000, 0x00000000f1f00000, 0x00000000f2000000|  0%| F|  |TAMS 0x00000000f1f00000| PB 0x00000000f1f00000| Untracked 
| 160|0x00000000f2000000, 0x00000000f2000000, 0x00000000f2100000|  0%| F|  |TAMS 0x00000000f2000000| PB 0x00000000f2000000| Untracked 
| 161|0x00000000f2100000, 0x00000000f2100000, 0x00000000f2200000|  0%| F|  |TAMS 0x00000000f2100000| PB 0x00000000f2100000| Untracked 
| 162|0x00000000f2200000, 0x00000000f2200000, 0x00000000f2300000|  0%| F|  |TAMS 0x00000000f2200000| PB 0x00000000f2200000| Untracked 
| 163|0x00000000f2300000, 0x00000000f2300000, 0x00000000f2400000|  0%| F|  |TAMS 0x00000000f2300000| PB 0x00000000f2300000| Untracked 
| 164|0x00000000f2400000, 0x00000000f2400000, 0x00000000f2500000|  0%| F|  |TAMS 0x00000000f2400000| PB 0x00000000f2400000| Untracked 
| 165|0x00000000f2500000, 0x00000000f2500000, 0x00000000f2600000|  0%| F|  |TAMS 0x00000000f2500000| PB 0x00000000f2500000| Untracked 
| 166|0x00000000f2600000, 0x00000000f2600000, 0x00000000f2700000|  0%| F|  |TAMS 0x00000000f2600000| PB 0x00000000f2600000| Untracked 
| 167|0x00000000f2700000, 0x00000000f2700000, 0x00000000f2800000|  0%| F|  |TAMS 0x00000000f2700000| PB 0x00000000f2700000| Untracked 
| 168|0x00000000f2800000, 0x00000000f2800000, 0x00000000f2900000|  0%| F|  |TAMS 0x00000000f2800000| PB 0x00000000f2800000| Untracked 
| 169|0x00000000f2900000, 0x00000000f2900000, 0x00000000f2a00000|  0%| F|  |TAMS 0x00000000f2900000| PB 0x00000000f2900000| Untracked 
| 170|0x00000000f2a00000, 0x00000000f2a00000, 0x00000000f2b00000|  0%| F|  |TAMS 0x00000000f2a00000| PB 0x00000000f2a00000| Untracked 
| 171|0x00000000f2b00000, 0x00000000f2b00000, 0x00000000f2c00000|  0%| F|  |TAMS 0x00000000f2b00000| PB 0x00000000f2b00000| Untracked 
| 172|0x00000000f2c00000, 0x00000000f2c00000, 0x00000000f2d00000|  0%| F|  |TAMS 0x00000000f2c00000| PB 0x00000000f2c00000| Untracked 
| 173|0x00000000f2d00000, 0x00000000f2d00000, 0x00000000f2e00000|  0%| F|  |TAMS 0x00000000f2d00000| PB 0x00000000f2d00000| Untracked 
| 174|0x00000000f2e00000, 0x00000000f2e00000, 0x00000000f2f00000|  0%| F|  |TAMS 0x00000000f2e00000| PB 0x00000000f2e00000| Untracked 
| 175|0x00000000f2f00000, 0x00000000f2f00000, 0x00000000f3000000|  0%| F|  |TAMS 0x00000000f2f00000| PB 0x00000000f2f00000| Untracked 
| 176|0x00000000f3000000, 0x00000000f3000000, 0x00000000f3100000|  0%| F|  |TAMS 0x00000000f3000000| PB 0x00000000f3000000| Untracked 
| 177|0x00000000f3100000, 0x00000000f3100000, 0x00000000f3200000|  0%| F|  |TAMS 0x00000000f3100000| PB 0x00000000f3100000| Untracked 
| 178|0x00000000f3200000, 0x00000000f3200000, 0x00000000f3300000|  0%| F|  |TAMS 0x00000000f3200000| PB 0x00000000f3200000| Untracked 
| 179|0x00000000f3300000, 0x00000000f3300000, 0x00000000f3400000|  0%| F|  |TAMS 0x00000000f3300000| PB 0x00000000f3300000| Untracked 
| 180|0x00000000f3400000, 0x00000000f3400000, 0x00000000f3500000|  0%| F|  |TAMS 0x00000000f3400000| PB 0x00000000f3400000| Untracked 
| 181|0x00000000f3500000, 0x00000000f3500000, 0x00000000f3600000|  0%| F|  |TAMS 0x00000000f3500000| PB 0x00000000f3500000| Untracked 
| 182|0x00000000f3600000, 0x00000000f3600000, 0x00000000f3700000|  0%| F|  |TAMS 0x00000000f3600000| PB 0x00000000f3600000| Untracked 
| 183|0x00000000f3700000, 0x00000000f3700000, 0x00000000f3800000|  0%| F|  |TAMS 0x00000000f3700000| PB 0x00000000f3700000| Untracked 
| 184|0x00000000f3800000, 0x00000000f3800000, 0x00000000f3900000|  0%| F|  |TAMS 0x00000000f3800000| PB 0x00000000f3800000| Untracked 
| 185|0x00000000f3900000, 0x00000000f3900000, 0x00000000f3a00000|  0%| F|  |TAMS 0x00000000f3900000| PB 0x00000000f3900000| Untracked 
| 186|0x00000000f3a00000, 0x00000000f3a00000, 0x00000000f3b00000|  0%| F|  |TAMS 0x00000000f3a00000| PB 0x00000000f3a00000| Untracked 
| 187|0x00000000f3b00000, 0x00000000f3b80000, 0x00000000f3c00000| 50%| E|  |TAMS 0x00000000f3b00000| PB 0x00000000f3b00000| Complete 
| 188|0x00000000f3c00000, 0x00000000f3d00000, 0x00000000f3d00000|100%| E|CS|TAMS 0x00000000f3c00000| PB 0x00000000f3c00000| Complete 
| 189|0x00000000f3d00000, 0x00000000f3e00000, 0x00000000f3e00000|100%| E|CS|TAMS 0x00000000f3d00000| PB 0x00000000f3d00000| Complete 
| 190|0x00000000f3e00000, 0x00000000f3f00000, 0x00000000f3f00000|100%| E|CS|TAMS 0x00000000f3e00000| PB 0x00000000f3e00000| Complete 
| 191|0x00000000f3f00000, 0x00000000f4000000, 0x00000000f4000000|100%| E|CS|TAMS 0x00000000f3f00000| PB 0x00000000f3f00000| Complete 
| 192|0x00000000f4000000, 0x00000000f4100000, 0x00000000f4100000|100%| E|CS|TAMS 0x00000000f4000000| PB 0x00000000f4000000| Complete 
| 193|0x00000000f4100000, 0x00000000f4200000, 0x00000000f4200000|100%| E|CS|TAMS 0x00000000f4100000| PB 0x00000000f4100000| Complete 
| 194|0x00000000f4200000, 0x00000000f4300000, 0x00000000f4300000|100%| E|CS|TAMS 0x00000000f4200000| PB 0x00000000f4200000| Complete 
| 195|0x00000000f4300000, 0x00000000f4400000, 0x00000000f4400000|100%| E|CS|TAMS 0x00000000f4300000| PB 0x00000000f4300000| Complete 
| 378|0x00000000ffa00000, 0x00000000ffb00000, 0x00000000ffb00000|100%| E|CS|TAMS 0x00000000ffa00000| PB 0x00000000ffa00000| Complete 
| 379|0x00000000ffb00000, 0x00000000ffc00000, 0x00000000ffc00000|100%| E|CS|TAMS 0x00000000ffb00000| PB 0x00000000ffb00000| Complete 
| 380|0x00000000ffc00000, 0x00000000ffd00000, 0x00000000ffd00000|100%| O|  |TAMS 0x00000000ffd00000| PB 0x00000000ffd00000| Updating 
| 381|0x00000000ffd00000, 0x00000000ffe00000, 0x00000000ffe00000|100%| O|  |TAMS 0x00000000ffe00000| PB 0x00000000ffe00000| Untracked 
| 382|0x00000000ffe00000, 0x00000000fff00000, 0x00000000fff00000|100%| O|  |TAMS 0x00000000fff00000| PB 0x00000000fff00000| Untracked 
| 383|0x00000000fff00000, 0x0000000100000000, 0x0000000100000000|100%| O|  |TAMS 0x0000000100000000| PB 0x0000000100000000| Untracked 

Card table byte_map: [0x00000000032a0000,0x0000000003360000] _byte_map_base: 0x0000000002b60000

Marking Bits: (CMBitMap*) 0x0000000003429170
 Bits: [0x0000000016020000, 0x0000000016620000)

Polling page: 0x00000000010a0000

Metaspace:

Usage:
  Non-class:    119.11 MB used.
      Class:     19.24 MB used.
       Both:    138.35 MB used.

Virtual space:
  Non-class space:      128.00 MB reserved,     120.19 MB ( 94%) committed,  2 nodes.
      Class space:      208.00 MB reserved,      20.25 MB ( 10%) committed,  1 nodes.
             Both:      336.00 MB reserved,     140.44 MB ( 42%) committed. 

Chunk freelists:
   Non-Class:  7.86 MB
       Class:  11.66 MB
        Both:  19.52 MB

MaxMetaspaceSize: 256.00 MB
CompressedClassSpaceSize: 208.00 MB
Initial GC threshold: 21.00 MB
Current GC threshold: 199.38 MB
CDS: on
 - commit_granule_bytes: 65536.
 - commit_granule_words: 8192.
 - virtual_space_node_default_size: 8388608.
 - enlarge_chunks_in_place: 1.
 - use_allocation_guard: 0.


Internal statistics:

num_allocs_failed_limit: 6.
num_arena_births: 4190.
num_arena_deaths: 0.
num_vsnodes_births: 3.
num_vsnodes_deaths: 0.
num_space_committed: 2244.
num_space_uncommitted: 0.
num_chunks_returned_to_freelist: 6.
num_chunks_taken_from_freelist: 10359.
num_chunk_merges: 6.
num_chunk_splits: 7152.
num_chunks_enlarged: 4985.
num_inconsistent_stats: 0.

CodeHeap 'non-profiled nmethods': size=120000Kb used=7987Kb max_used=8190Kb free=112012Kb
 bounds [0x000000000eaf0000, 0x000000000f2f0000, 0x0000000016020000]
CodeHeap 'profiled nmethods': size=120000Kb used=26344Kb max_used=27309Kb free=93655Kb
 bounds [0x0000000007020000, 0x0000000008ad0000, 0x000000000e550000]
CodeHeap 'non-nmethods': size=5760Kb used=2354Kb max_used=2374Kb free=3405Kb
 bounds [0x000000000e550000, 0x000000000e7c0000, 0x000000000eaf0000]
CodeCache: size=245760Kb, used=36685Kb, max_used=37873Kb, free=209072Kb
 total_blobs=14513, nmethods=13547, adapters=870, full_count=0
Compilation: enabled, stopped_count=0, restarted_count=0

Compilation events (20 events):
Event: 33.118 Thread 0x00000000190fa700 16139       3       org.jetbrains.kotlin.com.google.common.collect.LinkedHashMultimap$ValueSet::iterator (9 bytes)
Event: 33.118 Thread 0x00000000190fa700 nmethod 16139 0x0000000008ac4710 code [0x0000000008ac48c0, 0x0000000008ac4bd0]
Event: 33.118 Thread 0x00000000190fa700 16140       3       org.jetbrains.kotlin.com.google.common.collect.AbstractMapBasedMultimap$WrappedCollection$WrappedIterator::hasNext (14 bytes)
Event: 33.119 Thread 0x00000000190fa700 nmethod 16140 0x0000000008ac4d10 code [0x0000000008ac4f00, 0x0000000008ac5318]
Event: 33.119 Thread 0x00000000190fa700 16141       3       org.jetbrains.kotlin.com.google.common.collect.AbstractMapBasedMultimap$WrappedCollection$WrappedIterator::validateIterator (30 bytes)
Event: 33.119 Thread 0x00000000190fa700 nmethod 16141 0x0000000008ac5510 code [0x0000000008ac56e0, 0x0000000008ac59d8]
Event: 33.119 Thread 0x00000000190fa700 16142       3       org.jetbrains.kotlin.com.google.common.collect.LinkedHashMultimap$ValueSet$1::hasNext (21 bytes)
Event: 33.119 Thread 0x00000000190fa700 nmethod 16142 0x0000000008ac5b10 code [0x0000000008ac5ce0, 0x0000000008ac5fd0]
Event: 33.119 Thread 0x00000000190fa700 16143       3       org.jetbrains.kotlin.fir.declarations.DeprecationAnnotationInfoPerUseSiteStorageBuilder::add (97 bytes)
Event: 33.120 Thread 0x00000000190fa700 nmethod 16143 0x0000000008ac6110 code [0x0000000008ac63e0, 0x0000000008ac7388]
Event: 33.120 Thread 0x00000000190fa700 16144       3       org.jetbrains.kotlin.com.google.common.collect.LinkedHashMultimap::get (6 bytes)
Event: 33.120 Thread 0x00000000190fa700 nmethod 16144 0x0000000008ac7810 code [0x0000000008ac7a00, 0x0000000008ac8000]
Event: 33.120 Thread 0x00000000190fa700 16145       3       org.jetbrains.kotlin.com.google.common.collect.LinkedHashMultimap$ValueSet::<init> (55 bytes)
Event: 33.120 Thread 0x00000000190fa700 nmethod 16145 0x0000000008ac8190 code [0x0000000008ac83a0, 0x0000000008ac88d0]
Event: 33.140 Thread 0x00000000190fa700 16146       3       org.jetbrains.kotlin.com.google.common.collect.AbstractMapBasedMultimap$WrappedSet::<init> (14 bytes)
Event: 33.140 Thread 0x00000000190fa700 nmethod 16146 0x0000000008ac8a90 code [0x0000000008ac8c40, 0x0000000008ac8de0]
Event: 33.149 Thread 0x00000000190fa700 16147       3       org.jetbrains.kotlin.com.google.common.collect.LinkedHashMultimap::putAll (7 bytes)
Event: 33.149 Thread 0x00000000190fa700 nmethod 16147 0x0000000008ac8e90 code [0x0000000008ac9040, 0x0000000008ac9180]
Event: 33.151 Thread 0x00000000190fa700 16148       3       kotlin.collections.SetsKt___SetsKt::plus (93 bytes)
Event: 33.152 Thread 0x00000000190fa700 nmethod 16148 0x0000000008ac9210 code [0x0000000008ac9620, 0x0000000008acaf38]

GC Heap History (20 events):
Event: 23.234 GC heap before
{Heap before GC invocations=38 (full 0):
 garbage-first heap   total 157696K, used 117606K [0x00000000e8000000, 0x0000000100000000)
  region size 1024K, 27 young (27648K), 7 survivors (7168K)
 Metaspace       used 97684K, committed 99648K, reserved 344064K
  class space    used 14210K, committed 15168K, reserved 212992K
}
Event: 23.247 GC heap after
{Heap after GC invocations=39 (full 0):
 garbage-first heap   total 157696K, used 104085K [0x00000000e8000000, 0x0000000100000000)
  region size 1024K, 5 young (5120K), 5 survivors (5120K)
 Metaspace       used 97684K, committed 99648K, reserved 344064K
  class space    used 14210K, committed 15168K, reserved 212992K
}
Event: 24.343 GC heap before
{Heap before GC invocations=40 (full 0):
 garbage-first heap   total 183296K, used 150165K [0x00000000e8000000, 0x0000000100000000)
  region size 1024K, 45 young (46080K), 5 survivors (5120K)
 Metaspace       used 100796K, committed 102784K, reserved 344064K
  class space    used 14603K, committed 15552K, reserved 212992K
}
Event: 24.354 GC heap after
{Heap after GC invocations=41 (full 0):
 garbage-first heap   total 183296K, used 108544K [0x00000000e8000000, 0x0000000100000000)
  region size 1024K, 5 young (5120K), 5 survivors (5120K)
 Metaspace       used 100796K, committed 102784K, reserved 344064K
  class space    used 14603K, committed 15552K, reserved 212992K
}
Event: 25.376 GC heap before
{Heap before GC invocations=41 (full 0):
 garbage-first heap   total 183296K, used 165888K [0x00000000e8000000, 0x0000000100000000)
  region size 1024K, 62 young (63488K), 5 survivors (5120K)
 Metaspace       used 100967K, committed 102976K, reserved 344064K
  class space    used 14629K, committed 15616K, reserved 212992K
}
Event: 25.388 GC heap after
{Heap after GC invocations=42 (full 0):
 garbage-first heap   total 183296K, used 111231K [0x00000000e8000000, 0x0000000100000000)
  region size 1024K, 4 young (4096K), 4 survivors (4096K)
 Metaspace       used 100967K, committed 102976K, reserved 344064K
  class space    used 14629K, committed 15616K, reserved 212992K
}
Event: 26.301 GC heap before
{Heap before GC invocations=42 (full 0):
 garbage-first heap   total 183296K, used 166527K [0x00000000e8000000, 0x0000000100000000)
  region size 1024K, 59 young (60416K), 4 survivors (4096K)
 Metaspace       used 101228K, committed 103296K, reserved 344064K
  class space    used 14667K, committed 15680K, reserved 212992K
}
Event: 26.307 GC heap after
{Heap after GC invocations=43 (full 0):
 garbage-first heap   total 183296K, used 113057K [0x00000000e8000000, 0x0000000100000000)
  region size 1024K, 5 young (5120K), 5 survivors (5120K)
 Metaspace       used 101228K, committed 103296K, reserved 344064K
  class space    used 14667K, committed 15680K, reserved 212992K
}
Event: 27.720 GC heap before
{Heap before GC invocations=44 (full 0):
 garbage-first heap   total 189440K, used 170401K [0x00000000e8000000, 0x0000000100000000)
  region size 1024K, 61 young (62464K), 5 survivors (5120K)
 Metaspace       used 101647K, committed 103616K, reserved 344064K
  class space    used 14719K, committed 15680K, reserved 212992K
}
Event: 27.731 GC heap after
{Heap after GC invocations=45 (full 0):
 garbage-first heap   total 189440K, used 116872K [0x00000000e8000000, 0x0000000100000000)
  region size 1024K, 6 young (6144K), 6 survivors (6144K)
 Metaspace       used 101647K, committed 103616K, reserved 344064K
  class space    used 14719K, committed 15680K, reserved 212992K
}
Event: 28.906 GC heap before
{Heap before GC invocations=45 (full 0):
 garbage-first heap   total 189440K, used 177288K [0x00000000e8000000, 0x0000000100000000)
  region size 1024K, 64 young (65536K), 6 survivors (6144K)
 Metaspace       used 106992K, committed 109056K, reserved 344064K
  class space    used 15246K, committed 16256K, reserved 212992K
}
Event: 28.919 GC heap after
{Heap after GC invocations=46 (full 0):
 garbage-first heap   total 190464K, used 120270K [0x00000000e8000000, 0x0000000100000000)
  region size 1024K, 8 young (8192K), 8 survivors (8192K)
 Metaspace       used 106992K, committed 109056K, reserved 344064K
  class space    used 15246K, committed 16256K, reserved 212992K
}
Event: 29.855 GC heap before
{Heap before GC invocations=46 (full 0):
 garbage-first heap   total 190464K, used 176590K [0x00000000e8000000, 0x0000000100000000)
  region size 1024K, 64 young (65536K), 8 survivors (8192K)
 Metaspace       used 119880K, committed 121984K, reserved 344064K
  class space    used 16878K, committed 17920K, reserved 212992K
}
Event: 29.867 GC heap after
{Heap after GC invocations=47 (full 0):
 garbage-first heap   total 190464K, used 122998K [0x00000000e8000000, 0x0000000100000000)
  region size 1024K, 3 young (3072K), 3 survivors (3072K)
 Metaspace       used 119880K, committed 121984K, reserved 344064K
  class space    used 16878K, committed 17920K, reserved 212992K
}
Event: 30.851 GC heap before
{Heap before GC invocations=48 (full 0):
 garbage-first heap   total 206848K, used 178294K [0x00000000e8000000, 0x0000000100000000)
  region size 1024K, 57 young (58368K), 3 survivors (3072K)
 Metaspace       used 125896K, committed 128000K, reserved 344064K
  class space    used 17750K, committed 18752K, reserved 212992K
}
Event: 30.865 GC heap after
{Heap after GC invocations=49 (full 0):
 garbage-first heap   total 206848K, used 136704K [0x00000000e8000000, 0x0000000100000000)
  region size 1024K, 8 young (8192K), 8 survivors (8192K)
 Metaspace       used 125896K, committed 128000K, reserved 344064K
  class space    used 17750K, committed 18752K, reserved 212992K
}
Event: 31.736 GC heap before
{Heap before GC invocations=49 (full 0):
 garbage-first heap   total 206848K, used 184832K [0x00000000e8000000, 0x0000000100000000)
  region size 1024K, 56 young (57344K), 8 survivors (8192K)
 Metaspace       used 135984K, committed 138048K, reserved 344064K
  class space    used 19160K, committed 20160K, reserved 212992K
}
Event: 31.756 GC heap after
{Heap after GC invocations=50 (full 0):
 garbage-first heap   total 206848K, used 139303K [0x00000000e8000000, 0x0000000100000000)
  region size 1024K, 3 young (3072K), 3 survivors (3072K)
 Metaspace       used 135984K, committed 138048K, reserved 344064K
  class space    used 19160K, committed 20160K, reserved 212992K
}
Event: 32.874 GC heap before
{Heap before GC invocations=50 (full 0):
 garbage-first heap   total 206848K, used 188455K [0x00000000e8000000, 0x0000000100000000)
  region size 1024K, 51 young (52224K), 3 survivors (3072K)
 Metaspace       used 140351K, committed 142464K, reserved 344064K
  class space    used 19526K, committed 20544K, reserved 212992K
}
Event: 32.889 GC heap after
{Heap after GC invocations=51 (full 0):
 garbage-first heap   total 206848K, used 150382K [0x00000000e8000000, 0x0000000100000000)
  region size 1024K, 7 young (7168K), 7 survivors (7168K)
 Metaspace       used 140351K, committed 142464K, reserved 344064K
  class space    used 19526K, committed 20544K, reserved 212992K
}

Dll operation events (4 events):
Event: 0.009 Loaded shared library C:\Users\frank\.jdks\jbr-21.0.11\bin\java.dll
Event: 0.064 Loaded shared library C:\Users\frank\.jdks\jbr-21.0.11\bin\jsvml.dll
Event: 0.094 Loaded shared library C:\Users\frank\.jdks\jbr-21.0.11\bin\zip.dll
Event: 1.069 Loaded shared library C:\Users\frank\.jdks\jbr-21.0.11\bin\verify.dll

Deoptimization events (20 events):
Event: 32.540 Thread 0x000000002e091530 Uncommon trap: trap_request=0xfffffff4 fr.pc=0x000000000f29b4a8 relative=0x00000000000003a8
Event: 32.540 Thread 0x000000002e091530 Uncommon trap: reason=null_check action=make_not_entrant pc=0x000000000f29b4a8 method=org.jetbrains.kotlin.parsing.AbstractKotlinParsing.at(Lorg/jetbrains/kotlin/com/intellij/psi/tree/IElementType;)Z @ 80 c2
Event: 32.540 Thread 0x000000002e091530 DEOPT PACKING pc=0x000000000f29b4a8 sp=0x000000003c1cd380
Event: 32.540 Thread 0x000000002e091530 DEOPT UNPACKING pc=0x000000000e5a7ba2 sp=0x000000003c1cd310 mode 2
Event: 32.541 Thread 0x000000002e091530 Uncommon trap: trap_request=0xffffff45 fr.pc=0x000000000f2b8764 relative=0x0000000000000864
Event: 32.541 Thread 0x000000002e091530 Uncommon trap: reason=unstable_if action=reinterpret pc=0x000000000f2b8764 method=org.jetbrains.kotlin.com.intellij.psi.tree.TokenSet.contains(Lorg/jetbrains/kotlin/com/intellij/psi/tree/IElementType;)Z @ 1 c2
Event: 32.541 Thread 0x000000002e091530 DEOPT PACKING pc=0x000000000f2b8764 sp=0x000000003c1ce2d0
Event: 32.541 Thread 0x000000002e091530 DEOPT UNPACKING pc=0x000000000e5a7ba2 sp=0x000000003c1ce1a0 mode 2
Event: 32.548 Thread 0x000000002e091530 Uncommon trap: trap_request=0xffffff45 fr.pc=0x000000000f26bc0c relative=0x00000000000009ec
Event: 32.548 Thread 0x000000002e091530 Uncommon trap: reason=unstable_if action=reinterpret pc=0x000000000f26bc0c method=org.jetbrains.kotlin.com.intellij.lang.impl.MarkerProduction.findSameLexemeGroupStart(II)I @ 1 c2
Event: 32.548 Thread 0x000000002e091530 DEOPT PACKING pc=0x000000000f26bc0c sp=0x000000003c1ce410
Event: 32.548 Thread 0x000000002e091530 DEOPT UNPACKING pc=0x000000000e5a7ba2 sp=0x000000003c1ce300 mode 2
Event: 32.691 Thread 0x000000002e091530 Uncommon trap: trap_request=0xffffff45 fr.pc=0x000000000f2b2920 relative=0x0000000000000320
Event: 32.691 Thread 0x000000002e091530 Uncommon trap: reason=unstable_if action=reinterpret pc=0x000000000f2b2920 method=org.jetbrains.kotlin.com.intellij.psi.tree.TokenSet.contains(Lorg/jetbrains/kotlin/com/intellij/psi/tree/IElementType;)Z @ 1 c2
Event: 32.691 Thread 0x000000002e091530 DEOPT PACKING pc=0x000000000f2b2920 sp=0x000000003c1ce270
Event: 32.691 Thread 0x000000002e091530 DEOPT UNPACKING pc=0x000000000e5a7ba2 sp=0x000000003c1ce1a8 mode 2
Event: 33.032 Thread 0x000000002e091530 Uncommon trap: trap_request=0xffffff45 fr.pc=0x000000000f112f38 relative=0x00000000000002d8
Event: 33.032 Thread 0x000000002e091530 Uncommon trap: reason=unstable_if action=reinterpret pc=0x000000000f112f38 method=java.nio.charset.Charset.lookup(Ljava/lang/String;)Ljava/nio/charset/Charset; @ 29 c2
Event: 33.032 Thread 0x000000002e091530 DEOPT PACKING pc=0x000000000f112f38 sp=0x000000003c1cd820
Event: 33.032 Thread 0x000000002e091530 DEOPT UNPACKING pc=0x000000000e5a7ba2 sp=0x000000003c1cd590 mode 2

Classes loaded (20 events):
Event: 21.827 Loading class javax/xml/datatype/DatatypeConfigurationException
Event: 21.827 Loading class javax/xml/datatype/DatatypeConfigurationException done
Event: 21.832 Loading class com/sun/org/apache/xerces/internal/impl/io/MalformedByteSequenceException
Event: 21.833 Loading class com/sun/org/apache/xerces/internal/impl/io/MalformedByteSequenceException done
Event: 23.203 Loading class java/io/SerialCallbackContext
Event: 23.203 Loading class java/io/SerialCallbackContext done
Event: 23.218 Loading class java/util/HashMap$UnsafeHolder
Event: 23.218 Loading class java/util/HashMap$UnsafeHolder done
Event: 23.472 Loading class java/io/ObjectStreamClass$ExceptionInfo
Event: 23.472 Loading class java/io/ObjectStreamClass$ExceptionInfo done
Event: 28.093 Loading class java/nio/file/FileTreeWalker$1
Event: 28.093 Loading class java/nio/file/FileTreeWalker$1 done
Event: 28.752 Loading class java/rmi/RemoteException
Event: 28.752 Loading class java/rmi/RemoteException done
Event: 29.611 Loading class javax/xml/stream/Location
Event: 29.612 Loading class javax/xml/stream/Location done
Event: 29.613 Loading class javax/xml/stream/XMLStreamConstants
Event: 29.613 Loading class javax/xml/stream/XMLStreamConstants done
Event: 29.617 Loading class javax/xml/stream/XMLStreamReader
Event: 29.617 Loading class javax/xml/stream/XMLStreamReader done

Classes unloaded (0 events):
No events

Classes redefined (0 events):
No events

Internal exceptions (20 events):
Event: 29.902 Thread 0x000000002e091530 Exception <a 'java/lang/NoSuchMethodError'{0x00000000ffa6b518}: 'long java.lang.invoke.DirectMethodHandle$Holder.invokeStatic(java.lang.Object, java.lang.Object, int)'> (0x00000000ffa6b518) 
thrown [s\src\hotspot\share\interpreter\linkResolver.cpp, line 784]
Event: 29.903 Thread 0x000000002e091530 Exception <a 'java/lang/NoSuchMethodError'{0x00000000ffa75698}: 'java.lang.Object java.lang.invoke.DelegatingMethodHandle$Holder.reinvoke_L(java.lang.Object, int, long, java.lang.Object, java.lang.Object, int, java.lang.Object)'> (0x00000000ffa75698) 
thrown [s\src\hotspot\share\interpreter\linkResolver.cpp, line 784]
Event: 30.231 Thread 0x000000002e091530 Exception <a 'java/lang/NoSuchMethodError'{0x00000000f3f1d298}: 'java.lang.Object java.lang.invoke.DirectMethodHandle$Holder.invokeStatic(java.lang.Object, java.lang.Object, int, java.lang.Object)'> (0x00000000f3f1d298) 
thrown [s\src\hotspot\share\interpreter\linkResolver.cpp, line 784]
Event: 31.756 Thread 0x00000000190c0650 Implicit null exception at 0x000000000ed33e49 to 0x000000000ed345dc
Event: 32.499 Thread 0x000000002e091530 Implicit null exception at 0x000000000f24355a to 0x000000000f243658
Event: 32.499 Thread 0x000000002e091530 Implicit null exception at 0x000000000f2a497c to 0x000000000f2a6b34
Event: 32.499 Thread 0x000000002e091530 Implicit null exception at 0x000000000f2a497c to 0x000000000f2a6b34
Event: 32.499 Thread 0x000000002e091530 Implicit null exception at 0x000000000f2a497c to 0x000000000f2a6b34
Event: 32.499 Thread 0x000000002e091530 Implicit null exception at 0x000000000f2a497c to 0x000000000f2a6b34
Event: 32.499 Thread 0x000000002e091530 Implicit null exception at 0x000000000f2a497c to 0x000000000f2a6b34
Event: 32.499 Thread 0x000000002e091530 Implicit null exception at 0x000000000f2a497c to 0x000000000f2a6b34
Event: 32.499 Thread 0x000000002e091530 Implicit null exception at 0x000000000f2a497c to 0x000000000f2a6b34
Event: 32.499 Thread 0x000000002e091530 Implicit null exception at 0x000000000f2a497c to 0x000000000f2a6b34
Event: 32.499 Thread 0x000000002e091530 Implicit null exception at 0x000000000f2a497c to 0x000000000f2a6b34
Event: 32.499 Thread 0x000000002e091530 Implicit null exception at 0x000000000f2a497c to 0x000000000f2a6b34
Event: 32.499 Thread 0x000000002e091530 Implicit null exception at 0x000000000f2a497c to 0x000000000f2a6b34
Event: 32.499 Thread 0x000000002e091530 Implicit null exception at 0x000000000f2a497c to 0x000000000f2a6b34
Event: 32.540 Thread 0x000000002e091530 Implicit null exception at 0x000000000f29b2a4 to 0x000000000f29b49c
Event: 32.541 Thread 0x000000002e091530 Implicit null exception at 0x000000000f2b7f63 to 0x000000000f2b8758
Event: 32.691 Thread 0x000000002e091530 Implicit null exception at 0x000000000f2b2662 to 0x000000000f2b2904

ZGC Phase Switch (0 events):
No events

VM Operations (20 events):
Event: 31.926 Executing non-safepoint VM operation: HandshakeAllThreads (Deoptimize) done
Event: 32.090 Executing non-safepoint VM operation: HandshakeAllThreads (Deoptimize)
Event: 32.091 Executing non-safepoint VM operation: HandshakeAllThreads (Deoptimize) done
Event: 32.250 Executing safepoint VM operation: ICBufferFull
Event: 32.250 Executing safepoint VM operation: ICBufferFull done
Event: 32.424 Executing non-safepoint VM operation: HandshakeAllThreads (Deoptimize)
Event: 32.424 Executing non-safepoint VM operation: HandshakeAllThreads (Deoptimize) done
Event: 32.432 Executing non-safepoint VM operation: HandshakeAllThreads (Deoptimize)
Event: 32.432 Executing non-safepoint VM operation: HandshakeAllThreads (Deoptimize) done
Event: 32.468 Executing safepoint VM operation: ICBufferFull
Event: 32.469 Executing safepoint VM operation: ICBufferFull done
Event: 32.839 Executing non-safepoint VM operation: HandshakeAllThreads (Deoptimize)
Event: 32.839 Executing non-safepoint VM operation: HandshakeAllThreads (Deoptimize) done
Event: 32.874 Executing safepoint VM operation: G1CollectForAllocation (G1 Evacuation Pause)
Event: 32.889 Executing safepoint VM operation: G1CollectForAllocation (G1 Evacuation Pause) done
Event: 32.942 Executing non-safepoint VM operation: HandshakeAllThreads (Deoptimize)
Event: 32.942 Executing non-safepoint VM operation: HandshakeAllThreads (Deoptimize) done
Event: 33.047 Executing non-safepoint VM operation: HandshakeAllThreads (Deoptimize)
Event: 33.047 Executing non-safepoint VM operation: HandshakeAllThreads (Deoptimize) done
Event: 33.156 Executing safepoint VM operation: G1PauseRemark

Memory protections (0 events):
No events

Nmethod flushes (20 events):
Event: 33.173 Thread 0x0000000019099ce0 flushing  nmethod 0x000000000805a590
Event: 33.173 Thread 0x0000000019099ce0 flushing  nmethod 0x00000000080b8390
Event: 33.173 Thread 0x0000000019099ce0 flushing  nmethod 0x00000000081f0010
Event: 33.173 Thread 0x0000000019099ce0 flushing  nmethod 0x0000000008262310
Event: 33.173 Thread 0x0000000019099ce0 flushing  nmethod 0x0000000008408d10
Event: 33.173 Thread 0x0000000019099ce0 flushing  nmethod 0x000000000843f810
Event: 33.173 Thread 0x0000000019099ce0 flushing  nmethod 0x0000000008442790
Event: 33.173 Thread 0x0000000019099ce0 flushing  nmethod 0x0000000008468010
Event: 33.173 Thread 0x0000000019099ce0 flushing  nmethod 0x0000000008468390
Event: 33.173 Thread 0x0000000019099ce0 flushing  nmethod 0x0000000008468890
Event: 33.173 Thread 0x0000000019099ce0 flushing  nmethod 0x0000000008469010
Event: 33.173 Thread 0x0000000019099ce0 flushing  nmethod 0x0000000008488110
Event: 33.173 Thread 0x0000000019099ce0 flushing  nmethod 0x000000000848c610
Event: 33.173 Thread 0x0000000019099ce0 flushing  nmethod 0x0000000008518490
Event: 33.173 Thread 0x0000000019099ce0 flushing  nmethod 0x000000000852fe90
Event: 33.173 Thread 0x0000000019099ce0 flushing  nmethod 0x0000000008581910
Event: 33.173 Thread 0x0000000019099ce0 flushing  nmethod 0x0000000008582f10
Event: 33.173 Thread 0x0000000019099ce0 flushing  nmethod 0x000000000858b410
Event: 33.173 Thread 0x0000000019099ce0 flushing  nmethod 0x00000000086d4f10
Event: 33.173 Thread 0x0000000019099ce0 flushing  nmethod 0x00000000086d6310

Events (20 events):
Event: 17.278 Thread 0x000000002f4baaf0 Thread added: 0x0000000032d83be0
Event: 20.806 Thread 0x000000002f4baaf0 Thread added: 0x0000000032d869d0
Event: 20.807 Thread 0x0000000032d869d0 Thread added: 0x0000000032d88aa0
Event: 20.807 Thread 0x0000000032d869d0 Thread added: 0x0000000032d87060
Event: 20.835 Thread 0x0000000032d88aa0 Thread added: 0x0000000032d876f0
Event: 20.859 Thread 0x0000000032d876f0 Thread added: 0x0000000032d88410
Event: 20.860 Thread 0x0000000032d876f0 Thread added: 0x0000000032d87d80
Event: 23.300 Thread 0x000000002f4baaf0 Thread added: 0x000000003497de50
Event: 23.301 Thread 0x000000002f4baaf0 Thread added: 0x000000003497e4e0
Event: 23.315 Thread 0x000000002f4baaf0 Thread added: 0x000000003497bd80
Event: 23.376 Thread 0x000000003497bd80 Thread added: 0x000000003497c410
Event: 24.215 Thread 0x000000003497bd80 Thread added: 0x000000002e08c670
Event: 25.094 Thread 0x000000003497bd80 Thread added: 0x000000002e08bfe0
Event: 25.502 Thread 0x000000003497bd80 Thread added: 0x000000002e08e740
Event: 25.542 Thread 0x000000003497bd80 Thread added: 0x000000002e090180
Event: 25.773 Thread 0x000000003497bd80 Thread added: 0x000000002e08f460
Event: 26.026 Thread 0x000000003497bd80 Thread added: 0x000000002e08faf0
Event: 26.055 Thread 0x000000003497bd80 Thread added: 0x000000002e08cd00
Event: 28.731 Thread 0x000000003497bd80 Thread added: 0x000000002e091bc0
Event: 28.757 Thread 0x000000002e091bc0 Thread added: 0x000000002e091530


Dynamic libraries:
0x00007ff661da0000 - 0x00007ff661daa000 	C:\Users\frank\.jdks\jbr-21.0.11\bin\java.exe
0x00007ffbdf9a0000 - 0x00007ffbdfc06000 	C:\WINDOWS\SYSTEM32\ntdll.dll
0x00007ffbdea60000 - 0x00007ffbdeb29000 	C:\WINDOWS\System32\KERNEL32.DLL
0x00007ffbdce00000 - 0x00007ffbdd201000 	C:\WINDOWS\System32\KERNELBASE.dll
0x00007ffbdd570000 - 0x00007ffbdd6bc000 	C:\WINDOWS\System32\ucrtbase.dll
0x00007ffbb7130000 - 0x00007ffbb7148000 	C:\Users\frank\.jdks\jbr-21.0.11\bin\jli.dll
0x00007ffbb7180000 - 0x00007ffbb719e000 	C:\Users\frank\.jdks\jbr-21.0.11\bin\VCRUNTIME140.dll
0x00007ffbded00000 - 0x00007ffbdeec6000 	C:\WINDOWS\System32\USER32.dll
0x00007ffbdd490000 - 0x00007ffbdd4b7000 	C:\WINDOWS\System32\win32u.dll
0x00007ffbc5660000 - 0x00007ffbc58f2000 	C:\WINDOWS\WinSxS\amd64_microsoft.windows.common-controls_6595b64144ccf1df_6.0.26100.8764_none_3e0c73e4e330b694\COMCTL32.dll
0x00007ffbddfc0000 - 0x00007ffbddfeb000 	C:\WINDOWS\System32\GDI32.dll
0x00007ffbdebc0000 - 0x00007ffbdec69000 	C:\WINDOWS\System32\msvcrt.dll
0x00007ffbdd360000 - 0x00007ffbdd488000 	C:\WINDOWS\System32\gdi32full.dll
0x00007ffbdd4c0000 - 0x00007ffbdd563000 	C:\WINDOWS\System32\msvcp_win.dll
0x00007ffbdde80000 - 0x00007ffbddeb2000 	C:\WINDOWS\System32\IMM32.DLL
0x00007ffbcd250000 - 0x00007ffbcd25c000 	C:\Users\frank\.jdks\jbr-21.0.11\bin\vcruntime140_1.dll
0x00007ffb9cd00000 - 0x00007ffb9cd89000 	C:\Users\frank\.jdks\jbr-21.0.11\bin\msvcp140.dll
0x00007ffb1db30000 - 0x00007ffb1e8fe000 	C:\Users\frank\.jdks\jbr-21.0.11\bin\server\jvm.dll
0x00007ffbdf370000 - 0x00007ffbdf42c000 	C:\WINDOWS\System32\ADVAPI32.dll
0x00007ffbddb10000 - 0x00007ffbddbb9000 	C:\WINDOWS\System32\sechost.dll
0x00007ffbdd7e0000 - 0x00007ffbdd8f8000 	C:\WINDOWS\System32\RPCRT4.dll
0x00007ffbdd720000 - 0x00007ffbdd7a2000 	C:\WINDOWS\System32\WS2_32.dll
0x00007ffbdca10000 - 0x00007ffbdca6e000 	C:\WINDOWS\SYSTEM32\POWRPROF.dll
0x00007ffbd5300000 - 0x00007ffbd5336000 	C:\WINDOWS\SYSTEM32\WINMM.dll
0x00007ffbcc950000 - 0x00007ffbcc95b000 	C:\WINDOWS\SYSTEM32\VERSION.dll
0x00007ffbdc9f0000 - 0x00007ffbdca05000 	C:\WINDOWS\SYSTEM32\UMPDC.dll
0x00007ffbdb880000 - 0x00007ffbdb89b000 	C:\WINDOWS\SYSTEM32\kernel.appcore.dll
0x00007ffbc0d40000 - 0x00007ffbc0d4a000 	C:\Users\frank\.jdks\jbr-21.0.11\bin\jimage.dll
0x00007ffbd9880000 - 0x00007ffbd9ac2000 	C:\WINDOWS\SYSTEM32\DBGHELP.DLL
0x00007ffbdefd0000 - 0x00007ffbdf352000 	C:\WINDOWS\System32\combase.dll
0x00007ffbddda0000 - 0x00007ffbdde79000 	C:\WINDOWS\System32\OLEAUT32.dll
0x00007ffbbd8d0000 - 0x00007ffbbd90b000 	C:\WINDOWS\SYSTEM32\dbgcore.DLL
0x00007ffbdcd40000 - 0x00007ffbdcdec000 	C:\WINDOWS\System32\bcryptPrimitives.dll
0x00007ffbc0bf0000 - 0x00007ffbc0c00000 	C:\Users\frank\.jdks\jbr-21.0.11\bin\instrument.dll
0x00007ffb9dbe0000 - 0x00007ffb9dc01000 	C:\Users\frank\.jdks\jbr-21.0.11\bin\java.dll
0x00007ffbde240000 - 0x00007ffbde9c4000 	C:\WINDOWS\System32\SHELL32.dll
0x00007ffbda660000 - 0x00007ffbdaefa000 	C:\WINDOWS\SYSTEM32\windows.storage.dll
0x00007ffbdeed0000 - 0x00007ffbdefcb000 	C:\WINDOWS\System32\SHCORE.dll
0x00007ffbdd900000 - 0x00007ffbdd966000 	C:\WINDOWS\System32\shlwapi.dll
0x00007ffbdcaa0000 - 0x00007ffbdcac9000 	C:\WINDOWS\SYSTEM32\profapi.dll
0x00007ffb587d0000 - 0x00007ffb588a7000 	C:\Users\frank\.jdks\jbr-21.0.11\bin\jsvml.dll
0x00007ffba3b60000 - 0x00007ffba3b78000 	C:\Users\frank\.jdks\jbr-21.0.11\bin\zip.dll
0x00007ffba5360000 - 0x00007ffba5371000 	C:\Users\frank\.jdks\jbr-21.0.11\bin\net.dll
0x00007ffbcdb10000 - 0x00007ffbcdc39000 	C:\WINDOWS\SYSTEM32\WINHTTP.dll
0x00007ffbdbe30000 - 0x00007ffbdbe9c000 	C:\WINDOWS\system32\mswsock.dll
0x00007ffba4860000 - 0x00007ffba4876000 	C:\Users\frank\.jdks\jbr-21.0.11\bin\nio.dll
0x00007ffbc0b60000 - 0x00007ffbc0b70000 	C:\Users\frank\.jdks\jbr-21.0.11\bin\verify.dll
0x00007ffb9d0a0000 - 0x00007ffb9d0c7000 	D:\codex-cache\espbridge-gradle\native\c067742578af261105cb4f569cf0c3c89f3d7b1fecec35dd04571415982c5e48\windows-amd64\native-platform.dll
0x00007ffb58450000 - 0x00007ffb58594000 	D:\codex-cache\espbridge-gradle\native\100fb08df4bc3b14c8652ba06237920a3bd2aa13389f12d3474272988ae205f9\windows-amd64\native-platform-file-events.dll
0x00007ffbc0b30000 - 0x00007ffbc0b3a000 	C:\Users\frank\.jdks\jbr-21.0.11\bin\management.dll
0x00007ffbbdf30000 - 0x00007ffbbdf3c000 	C:\Users\frank\.jdks\jbr-21.0.11\bin\management_ext.dll
0x00007ffbdf360000 - 0x00007ffbdf368000 	C:\WINDOWS\System32\PSAPI.DLL
0x00007ffbdc130000 - 0x00007ffbdc14b000 	C:\WINDOWS\SYSTEM32\CRYPTSP.dll
0x00007ffbdb7e0000 - 0x00007ffbdb819000 	C:\WINDOWS\system32\rsaenh.dll
0x00007ffbdbef0000 - 0x00007ffbdbf22000 	C:\WINDOWS\SYSTEM32\USERENV.dll
0x00007ffbdcad0000 - 0x00007ffbdcafa000 	C:\WINDOWS\SYSTEM32\bcrypt.dll
0x00007ffbdc150000 - 0x00007ffbdc15c000 	C:\WINDOWS\SYSTEM32\CRYPTBASE.dll
0x00007ffbdb2a0000 - 0x00007ffbdb2d3000 	C:\WINDOWS\SYSTEM32\IPHLPAPI.DLL
0x00007ffbdf950000 - 0x00007ffbdf95a000 	C:\WINDOWS\System32\NSI.dll
0x00007ffbbdeb0000 - 0x00007ffbbdeb9000 	C:\Users\frank\.jdks\jbr-21.0.11\bin\extnet.dll
0x00007ffbbde50000 - 0x00007ffbbde5e000 	C:\Users\frank\.jdks\jbr-21.0.11\bin\sunmscapi.dll
0x00007ffbdcbb0000 - 0x00007ffbdcd2d000 	C:\WINDOWS\System32\CRYPT32.dll
0x00007ffbdc370000 - 0x00007ffbdc3a0000 	C:\WINDOWS\SYSTEM32\ncrypt.dll
0x00007ffbdc320000 - 0x00007ffbdc35f000 	C:\WINDOWS\SYSTEM32\NTASN1.dll
0x00007ffb44540000 - 0x00007ffb44548000 	C:\WINDOWS\system32\wshunix.dll
0x00007ffb9e700000 - 0x00007ffb9e718000 	C:\WINDOWS\system32\napinsp.dll
0x00007ffbdb2e0000 - 0x00007ffbdb436000 	C:\WINDOWS\SYSTEM32\DNSAPI.dll
0x00007ffbdbc30000 - 0x00007ffbdbc3d000 	C:\WINDOWS\SYSTEM32\DSPARSE.dll
0x00007ffb9e6e0000 - 0x00007ffb9e6f3000 	C:\WINDOWS\System32\winrnr.dll
0x00007ffb9e6b0000 - 0x00007ffb9e6d2000 	C:\WINDOWS\system32\nlansp_c.dll
0x00007ffbce4c0000 - 0x00007ffbce4d6000 	C:\WINDOWS\system32\wshbth.dll
0x00007ffbcd5f0000 - 0x00007ffbcd5fb000 	C:\Windows\System32\rasadhlp.dll
0x00007ffbcf3b0000 - 0x00007ffbcf436000 	C:\WINDOWS\System32\fwpuclnt.dll

JVMTI agents:
C:\Users\frank\.gradle\manual-wrapper\gradle-8.9\gradle-8.9\lib\agents\gradle-instrumentation-agent-8.9.jar path:C:\Users\frank\.jdks\jbr-21.0.11\bin\instrument.dll, loaded, initialized, instrumentlib options:none

dbghelp: loaded successfully - version: 4.0.5 - missing functions: none
symbol engine: initialized successfully - sym options: 0x614 - pdb path: .;C:\Users\frank\.jdks\jbr-21.0.11\bin;C:\WINDOWS\SYSTEM32;C:\WINDOWS\WinSxS\amd64_microsoft.windows.common-controls_6595b64144ccf1df_6.0.26100.8764_none_3e0c73e4e330b694;C:\Users\frank\.jdks\jbr-21.0.11\bin\server;D:\codex-cache\espbridge-gradle\native\c067742578af261105cb4f569cf0c3c89f3d7b1fecec35dd04571415982c5e48\windows-amd64;D:\codex-cache\espbridge-gradle\native\100fb08df4bc3b14c8652ba06237920a3bd2aa13389f12d3474272988ae205f9\windows-amd64

VM Arguments:
jvm_args: -XX:MaxMetaspaceSize=256m --add-opens=java.base/java.util=ALL-UNNAMED --add-opens=java.base/java.lang=ALL-UNNAMED --add-opens=java.base/java.lang.invoke=ALL-UNNAMED --add-opens=java.prefs/java.util.prefs=ALL-UNNAMED --add-exports=jdk.compiler/com.sun.tools.javac.api=ALL-UNNAMED --add-exports=jdk.compiler/com.sun.tools.javac.util=ALL-UNNAMED --add-opens=java.base/java.nio.charset=ALL-UNNAMED --add-opens=java.base/java.net=ALL-UNNAMED --add-opens=java.base/java.util.concurrent.atomic=ALL-UNNAMED -Xmx384m -Dfile.encoding=UTF-8 -Duser.country=ID -Duser.language=id -Duser.variant -javaagent:C:\Users\frank\.gradle\manual-wrapper\gradle-8.9\gradle-8.9\lib\agents\gradle-instrumentation-agent-8.9.jar 
java_command: org.gradle.launcher.daemon.bootstrap.GradleDaemon 8.9
java_class_path (initial): C:\Users\frank\.gradle\manual-wrapper\gradle-8.9\gradle-8.9\lib\gradle-daemon-main-8.9.jar
Launcher Type: SUN_STANDARD

[Global flags]
     intx CICompilerCount                          = 3                                         {product} {ergonomic}
   size_t CompressedClassSpaceSize                 = 218103808                                 {product} {ergonomic}
     uint ConcGCThreads                            = 1                                         {product} {ergonomic}
     uint G1ConcRefinementThreads                  = 4                                         {product} {ergonomic}
   size_t G1HeapRegionSize                         = 1048576                                   {product} {ergonomic}
    uintx GCDrainStackTargetSize                   = 64                                        {product} {ergonomic}
   size_t InitialHeapSize                          = 132120576                                 {product} {ergonomic}
   size_t MarkStackSize                            = 4194304                                   {product} {ergonomic}
   size_t MaxHeapSize                              = 402653184                                 {product} {command line}
   size_t MaxMetaspaceSize                         = 268435456                                 {product} {command line}
   size_t MaxNewSize                               = 241172480                                 {product} {ergonomic}
   size_t MinHeapDeltaBytes                        = 1048576                                   {product} {ergonomic}
   size_t MinHeapSize                              = 8388608                                   {product} {ergonomic}
    uintx NonNMethodCodeHeapSize                   = 5832780                                {pd product} {ergonomic}
    uintx NonProfiledCodeHeapSize                  = 122912730                              {pd product} {ergonomic}
    uintx ProfiledCodeHeapSize                     = 122912730                              {pd product} {ergonomic}
    uintx ReservedCodeCacheSize                    = 251658240                              {pd product} {ergonomic}
     bool SegmentedCodeCache                       = true                                      {product} {ergonomic}
   size_t SoftMaxHeapSize                          = 402653184                              {manageable} {ergonomic}
     bool UseCompressedOops                        = true                           {product lp64_product} {ergonomic}
     bool UseG1GC                                  = true                                      {product} {ergonomic}
     bool UseLargePagesIndividualAllocation        = false                                  {pd product} {ergonomic}

Logging:
Log output configuration:
 #0: stdout all=warning uptime,level,tags foldmultilines=false
 #1: stderr all=off uptime,level,tags foldmultilines=false

Release file:
JAVA_VERSION="21.0.11" 
MODULES="java.base java.compiler java.datatransfer java.xml java.prefs java.desktop java.instrument java.logging java.management java.security.sasl java.naming java.rmi java.management.rmi java.net.http java.scripting java.security.jgss java.transaction.xa java.sql java.sql.rowset java.xml.crypto java.se java.smartcardio jdk.accessibility jdk.internal.jvmstat jdk.attach jdk.charsets jdk.internal.opt jdk.zipfs jdk.compiler jdk.crypto.ec jdk.crypto.cryptoki jdk.crypto.mscapi jdk.dynalink jdk.internal.ed jdk.editpad jdk.hotspot.agent jdk.httpserver jdk.incubator.vector jdk.internal.le jdk.internal.vm.ci jdk.internal.vm.compiler jdk.internal.vm.compiler.management jdk.jartool jdk.javadoc jdk.jcmd jdk.management jdk.management.agent jdk.jconsole jdk.jdeps jdk.jdwp.agent jdk.jdi jdk.jfr jdk.jlink jdk.jpackage jdk.jshell jdk.jsobject jdk.jstatd jdk.localedata jdk.management.jfr jdk.naming.dns jdk.naming.rmi jdk.net jdk.nio.mapmode jdk.random jdk.sctp jdk.security.auth jdk.security.jgss jdk.unsupported jdk.unsupported.desktop jdk.xml.dom" 
IMPLEMENTOR="JetBrains s.r.o." 
IMPLEMENTOR_VERSION="JBRSDK-21.0.11+1-1163.116-nomod" 
JAVA_RUNTIME_VERSION="21.0.11+1-b1163.116" 
LIBC="default" 
OS_ARCH="x86_64" 
OS_NAME="Windows" 
SOURCE=".:git:cf1f197170a0+" 

Environment Variables:
JAVA_HOME=C:\Users\frank\.jdks\jbr-21.0.11
CLASSPATH=C:\Users\frank\.gradle\manual-wrapper\gradle-8.9\gradle-8.9\lib\gradle-gradle-cli-main-8.9.jar
PATH=C:\Users\frank\.jdks\jbr-21.0.11\bin;C:\Users\frank\.codex\tmp\arg0\codex-arg0m7Appk;C:\Program Files\Eclipse Adoptium\jdk-17.0.18.8-hotspot\bin;C:\Program Files\Microsoft\jdk-17.0.18.8-hotspot\bin;C:\Windows\System32\HWAudioDriverLibs;C:\WINDOWS\system32;C:\WINDOWS;C:\WINDOWS\System32\Wbem;C:\WINDOWS\System32\WindowsPowerShell\v1.0\;C:\WINDOWS\System32\OpenSSH\;C:\WINDOWS\system32\config\systemprofile\AppData\Local\Microsoft\WindowsApps;C:\WINDOWS\system32;C:\WINDOWS;C:\WINDOWS\System32\Wbem;C:\php\php-8.5.1;C:\WINDOWS\System32\WindowsPowerShell\v1.0\;C:\WINDOWS\System32\OpenSSH\;C:\adb\platform-tools;C:\Program Files\PuTTY\;C:\Program Files\Git\cmd;C:\Program Files\GitHub CLI\;C:\Program Files\Ollama;C:\Program Files\nodejs\;C:\Users\frank\AppData\Local\hermes\hermes-agent\venv\Scripts;C:\Users\frank\AppData\Local\hermes\bin;C:\Program Files\Android\Android Studio\jbr\bin;C:\Program Files\nodejs;C:\Program Files\Eclipse Adoptium\jdk-17.0.18.8-hotspot\bin;C:\Program Files\Microsoft\jdk-17.0.18.8-hotspot\bin;C:\Windows\System32\HWAudioDriverLibs;C:\WINDOWS\system32;C:\WINDOWS;C:\WINDOWS\System32\Wbem;C:\WINDOWS\System32\WindowsPowerShell\v1.0\;C:\WINDOWS\System32\OpenSSH\;C:\WINDOWS\system32\config\systemprofile\AppData\Local\Microsoft\WindowsApps;C:\php\php-8.5.1;C:\adb\platform-tools;C:\Program Files\PuTTY\;C:\Program Files\Git\cmd;C:\Program Files\GitHub CLI\;C:\Program Files\Ollama;C:\Program Files\nodejs\;C:\Users\frank\AppData\Local\Programs\Microsoft VS Code\bin;C:\Users\frank\AppData\Local\Programs\Antigravity\bin;C:\Users\frank\AppData\Roaming\npm;C:\Users\frank\AppData\Local\Programs\Ollama;C:\Users\frank\AppData\Local\Microsoft\WindowsApps;C:\Users\frank\AppData\Local\Programs\Antigravity IDE\bin;C:\Users\frank\AppData\Local\Programs\cursor\resources\app\bin;C:\Users\frank\AppData\Local\Programs\DockerDesktop\resources\bin;C:\Users\frank\AppData\Local\Microsoft\WinGet\Links;C:\Users\frank\AppData\Local\Programs\Cua\cua-driver\bin;C:\Users\frank\.wokwi\bin;c:\Users\frank\.vscode\extensions\openai.chatgpt-26.5820.71523-win32-x64\bin\windows-x86_64
USERNAME=frank
LANG=C.UTF-8
LC_ALL=C.UTF-8
LC_CTYPE=C.UTF-8
TERM=dumb
OS=Windows_NT
PROCESSOR_IDENTIFIER=Intel64 Family 6 Model 140 Stepping 1, GenuineIntel
TMP=C:\Users\frank\AppData\Local\Temp
TEMP=C:\Users\frank\AppData\Local\Temp




Periodic native trim disabled

JNI global refs:
JNI global refs: 27, weak refs: 0

JNI global refs memory usage: 835, weak refs: 833

Process memory usage:
Resident Set Size: 544584K (6% of 8183096K total physical memory with 302884K free physical memory)

OOME stack traces (most recent first):
Classloader memory used:
Loader org.gradle.internal.classloader.VisitableURLClassLoader                         : 42211K
Loader java.net.URLClassLoader                                                         : 37011K
Loader org.gradle.internal.classloader.VisitableURLClassLoader$InstrumentingVisitableURLClassLoader: 34850K
Loader bootstrap                                                                       : 14434K
Loader org.gradle.initialization.MixInLegacyTypesClassLoader                           : 11920K
Loader jdk.internal.loader.ClassLoaders$PlatformClassLoader                            : 605K
Loader jdk.internal.reflect.DelegatingClassLoader                                      : 298K
Loader jdk.internal.loader.ClassLoaders$AppClassLoader                                 : 231K
Loader org.gradle.internal.classloader.VisitableURLClassLoader                         : 102K

Classes loaded by more than one classloader:
Class Program                                                                         : loaded 5 times (x 72B)
Class kotlin.text.MatcherMatchResult                                                  : loaded 2 times (x 80B)
Class kotlin.sequences.FlatteningSequence                                             : loaded 2 times (x 75B)
Class kotlin.sequences.DropTakeSequence                                               : loaded 2 times (x 70B)
Class kotlin.coroutines.jvm.internal.CompletedContinuation                            : loaded 2 times (x 75B)
Class kotlin.io.TextStreamsKt                                                         : loaded 2 times (x 71B)
Class kotlin.text.StringsKt__StringsKt                                                : loaded 2 times (x 71B)
Class kotlin.NotImplementedError                                                      : loaded 2 times (x 82B)
Class com.google.common.base.PairwiseEquivalence                                      : loaded 2 times (x 83B)
Class com.google.common.base.Equivalence$Identity                                     : loaded 2 times (x 82B)
Class com.google.common.collect.RegularImmutableMap$KeySet                            : loaded 2 times (x 150B)
Class org.gradle.internal.classloader.FilteringClassLoader                            : loaded 2 times (x 105B)
Class kotlin.sequences.FilteringSequence$iterator$1                                   : loaded 2 times (x 79B)
Class kotlin.sequences.SequencesKt__SequenceBuilderKt                                 : loaded 2 times (x 71B)
Class kotlin.io.FilesKt__FileTreeWalkKt                                               : loaded 2 times (x 71B)
Class kotlin.reflect.jvm.internal.impl.builtins.CompanionObjectMapping                : loaded 2 times (x 71B)
Class kotlin.reflect.jvm.internal.KClassImpl$Data$inheritedNonStaticMembers$2         : loaded 2 times (x 79B)
Class kotlin.reflect.jvm.internal.KCallableImpl$_annotations$1                        : loaded 2 times (x 79B)
Class kotlin.jvm.internal.CollectionToArray                                           : loaded 2 times (x 71B)
Class kotlin.jvm.internal.MutablePropertyReference0                                   : loaded 2 times (x 137B)
Class kotlin.collections.CollectionsKt__ReversedViewsKt                               : loaded 2 times (x 71B)
Class [Lcom.google.common.base.AbstractIterator$State;                                : loaded 2 times (x 69B)
Class com.google.common.base.CharMatcher$IsEither                                     : loaded 2 times (x 111B)
Class org.gradle.internal.classloader.ClassLoaderHierarchy                            : loaded 2 times (x 70B)
Class kotlin.SafePublicationLazyImpl$Companion                                        : loaded 2 times (x 71B)
Class kotlin.jvm.internal.PropertyReference1Impl                                      : loaded 2 times (x 127B)
Class kotlin.jvm.internal.MutablePropertyReference1                                   : loaded 2 times (x 137B)
Class com.google.common.collect.ImmutableEnumSet                                      : loaded 2 times (x 146B)
Class com.google.common.util.concurrent.ExecutionError                                : loaded 2 times (x 82B)
Class com.google.common.collect.ImmutableList$1                                       : loaded 2 times (x 97B)
Class org.gradle.api.internal.classpath.ManifestUtil                                  : loaded 2 times (x 71B)
Class org.jetbrains.kotlin.konan.target.KonanTarget$ANDROID_ARM64                     : loaded 2 times (x 78B)
Class kotlin.ranges.IntProgression$Companion                                          : loaded 2 times (x 71B)
Class kotlin.reflect.jvm.internal.impl.builtins.PrimitiveType$typeFqName$2            : loaded 2 times (x 79B)
Class kotlin.reflect.jvm.internal.ReflectProperties$Val                               : loaded 2 times (x 74B)
Class kotlin.jvm.internal.MutablePropertyReference2                                   : loaded 2 times (x 137B)
Class org.jetbrains.kotlin.cli.common.arguments.ArgumentField                         : loaded 2 times (x 72B)
Class kotlin.collections.builders.MapBuilder                                          : loaded 2 times (x 112B)
Class com.google.common.collect.RegularImmutableMap                                   : loaded 2 times (x 121B)
Class com.google.common.collect.ImmutableMap$MapViewOfValuesAsSingletonSets           : loaded 2 times (x 125B)
Class kotlin.collections.builders.ListBuilder$Itr                                     : loaded 2 times (x 94B)
Class org.jetbrains.kotlin.konan.target.KonanTarget$WATCHOS_ARM32                     : loaded 2 times (x 78B)
Class kotlin.sequences.TransformingSequence                                           : loaded 2 times (x 75B)
Class org.jetbrains.kotlin.config.ExplicitApiMode$Companion                           : loaded 2 times (x 71B)
Class [Lorg.objectweb.asm.Symbol;                                                     : loaded 2 times (x 69B)
Class org.objectweb.asm.ClassVisitor                                                  : loaded 2 times (x 88B)
Class com.google.common.collect.UnmodifiableListIterator                              : loaded 2 times (x 95B)
Class kotlin.reflect.jvm.internal.impl.name.FqName                                    : loaded 2 times (x 72B)
Class [Lkotlin.reflect.KClass;                                                        : loaded 2 times (x 69B)
Class org.jetbrains.kotlin.name.FqNameUnsafe$1                                        : loaded 2 times (x 74B)
Class org.objectweb.asm.MethodTooLargeException                                       : loaded 2 times (x 83B)
Class [Lcom.google.common.cache.CacheBuilder$OneWeigher;                              : loaded 2 times (x 69B)
Class com.google.common.base.Suppliers                                                : loaded 2 times (x 71B)
Class com.google.common.base.Platform$JdkPatternCompiler                              : loaded 2 times (x 75B)
Class org.gradle.internal.classloader.DefaultClassLoaderFactory                       : loaded 2 times (x 82B)
Class kotlin.text.MatcherMatchResult$groupValues$1                                    : loaded 2 times (x 198B)
Class org.jetbrains.kotlin.cli.jvm.compiler.KotlinCoreEnvironment$Companion           : loaded 2 times (x 71B)
Class kotlin.sequences.SequencesKt___SequencesKt                                      : loaded 2 times (x 71B)
Class kotlin.reflect.jvm.internal.KDeclarationContainerImpl$Data$moduleData$2         : loaded 2 times (x 79B)
Class kotlin.KotlinVersion$Companion                                                  : loaded 2 times (x 71B)
Class org.jetbrains.kotlin.config.LanguageVersionSettings                             : loaded 2 times (x 70B)
Class kotlin.collections.AbstractList$Companion                                       : loaded 2 times (x 71B)
Class com.google.common.base.CharMatcher$None                                         : loaded 2 times (x 112B)
Class org.gradle.internal.classloader.ClassLoaderVisitor                              : loaded 2 times (x 76B)
Class kotlin.sequences.SequencesKt___SequencesKt$flatMap$2                            : loaded 2 times (x 125B)
Class kotlin.reflect.jvm.internal.KClassImpl$Data$objectInstance$2                    : loaded 2 times (x 79B)
Class kotlin.reflect.jvm.internal.KProperty1Impl                                      : loaded 2 times (x 128B)
Class [Lcom.google.common.collect.ImmutableMapEntry;                                  : loaded 2 times (x 69B)
Class org.gradle.api.internal.classpath.EffectiveClassPath                            : loaded 2 times (x 90B)
Class org.jetbrains.kotlin.konan.target.KonanTarget$ANDROID_ARM32                     : loaded 2 times (x 78B)
Class kotlin.coroutines.ContinuationInterceptor                                       : loaded 2 times (x 70B)
Class kotlin.reflect.jvm.internal.impl.name.FqNameUnsafe$1                            : loaded 2 times (x 74B)
Class kotlin.text.StringsKt__AppendableKt                                             : loaded 2 times (x 71B)
Class com.google.common.collect.ImmutableRangeSet                                     : loaded 2 times (x 115B)
Class com.google.common.collect.ImmutableEnumMap                                      : loaded 2 times (x 125B)
Class com.google.common.collect.ListMultimap                                          : loaded 2 times (x 70B)
Class org.jetbrains.kotlin.konan.target.KonanTarget                                   : loaded 2 times (x 78B)
Class kotlin.reflect.jvm.internal.KCallableImpl                                       : loaded 2 times (x 105B)
Class kotlin.reflect.KProperty$Accessor                                               : loaded 2 times (x 70B)
Class [Lkotlin.reflect.KCallable;                                                     : loaded 2 times (x 69B)
Class kotlin.jvm.internal.ArrayIteratorKt                                             : loaded 2 times (x 71B)
Class com.google.common.collect.ImmutableSet$SerializedForm                           : loaded 2 times (x 73B)
Class com.google.common.collect.Sets$1                                                : loaded 2 times (x 139B)
Class org.objectweb.asm.AnnotationVisitor                                             : loaded 2 times (x 78B)
Class com.google.common.base.Splitter                                                 : loaded 2 times (x 72B)
Class org.gradle.api.internal.DefaultClassPathProvider                                : loaded 2 times (x 76B)
Class kotlin.text.MatchResult                                                         : loaded 2 times (x 70B)
Class kotlin.sequences.Sequence                                                       : loaded 2 times (x 70B)
Class kotlin.reflect.jvm.internal.impl.builtins.PrimitiveType$arrayTypeFqName$2       : loaded 2 times (x 79B)
Class kotlin.reflect.jvm.internal.impl.builtins.jvm.JavaToKotlinClassMap$PlatformMutabilityMapping: loaded 2 times (x 72B)
Class kotlin.collections.builders.MapBuilder$EntryRef                                 : loaded 2 times (x 81B)
Class kotlin.text.StringsKt__StringNumberConversionsJVMKt                             : loaded 2 times (x 71B)
Class com.google.common.collect.Sets$2                                                : loaded 2 times (x 139B)
Class [Lorg.gradle.api.internal.ClassPathProvider;                                    : loaded 2 times (x 69B)
Class org.gradle.api.internal.ClassPathProvider                                       : loaded 2 times (x 70B)
Class [Lorg.jetbrains.kotlin.konan.target.Family;                                     : loaded 2 times (x 69B)
Class kotlin.collections.CollectionsKt___CollectionsKt$asSequence$$inlined$Sequence$1 : loaded 2 times (x 75B)
Class kotlin.jvm.functions.Function20                                                 : loaded 2 times (x 70B)
Class org.jetbrains.kotlin.cli.common.arguments.Argument                              : loaded 2 times (x 70B)
Class org.jetbrains.kotlin.cli.common.CompilerSystemProperties                        : loaded 2 times (x 80B)
Class [Lorg.objectweb.asm.AnnotationVisitor;                                          : loaded 2 times (x 69B)
Class com.google.common.collect.Sets$3                                                : loaded 2 times (x 139B)
Class com.google.common.util.concurrent.AbstractFuture$SafeAtomicHelper               : loaded 2 times (x 79B)
Class com.google.common.cache.LocalCache$LocalLoadingCache                            : loaded 2 times (x 134B)
Class com.google.common.base.AbstractIterator$State                                   : loaded 2 times (x 79B)
Class org.gradle.internal.service.UnknownServiceException                             : loaded 2 times (x 83B)
Class org.jetbrains.kotlin.konan.target.KonanTarget$TVOS_ARM64                        : loaded 2 times (x 78B)
Class kotlin.jvm.functions.Function21                                                 : loaded 2 times (x 70B)
Class kotlin.reflect.jvm.internal.impl.name.ClassId                                   : loaded 2 times (x 72B)
Class org.jetbrains.kotlin.config.JvmDefaultMode                                      : loaded 2 times (x 79B)
Class com.google.common.collect.Sets$4                                                : loaded 2 times (x 139B)
Class org.objectweb.asm.ModuleVisitor                                                 : loaded 2 times (x 81B)
Class com.google.common.cache.LocalCache$Strength$1                                   : loaded 2 times (x 81B)
Class kotlin.collections.MapWithDefault                                               : loaded 2 times (x 70B)
Class kotlin.coroutines.jvm.internal.SuspendLambda                                    : loaded 2 times (x 91B)
Class kotlin.coroutines.jvm.internal.ContinuationImpl                                 : loaded 2 times (x 87B)
Class kotlin.jvm.functions.Function22                                                 : loaded 2 times (x 70B)
Class kotlin.collections.builders.MapBuilderEntries                                   : loaded 2 times (x 145B)
Class org.jetbrains.kotlin.cli.common.messages.CompilerMessageSeverity                : loaded 2 times (x 79B)
Class com.google.common.util.concurrent.SettableFuture                                : loaded 2 times (x 114B)
Class com.google.common.cache.LocalCache$Strength$2                                   : loaded 2 times (x 81B)
Class kotlin.reflect.jvm.internal.KClassImpl$Data$descriptor$2                        : loaded 2 times (x 79B)
Class kotlin.reflect.KTypeParameter                                                   : loaded 2 times (x 70B)
Class kotlin.collections.ArraysKt___ArraysJvmKt                                       : loaded 2 times (x 71B)
Class kotlin.collections.CollectionsKt__CollectionsKt                                 : loaded 2 times (x 71B)
Class kotlin.text.StringsKt__RegexExtensionsJVMKt                                     : loaded 2 times (x 71B)
Class com.google.common.cache.LocalCache$Strength$3                                   : loaded 2 times (x 81B)
Class com.google.common.collect.MapDifference                                         : loaded 2 times (x 70B)
Class com.google.common.base.Splitter$1                                               : loaded 2 times (x 77B)
Class kotlin.sequences.SequencesKt__SequencesKt$generateSequence$2                    : loaded 2 times (x 79B)
Class kotlin.text.Regex$Companion                                                     : loaded 2 times (x 71B)
Class kotlin._Assertions                                                              : loaded 2 times (x 71B)
Class org.objectweb.asm.FieldWriter                                                   : loaded 2 times (x 78B)
Class com.google.common.cache.CacheBuilder$NullListener                               : loaded 2 times (x 82B)
Class org.gradle.internal.classpath.TransformedClassPath                              : loaded 2 times (x 96B)
Class [Lkotlin.coroutines.intrinsics.CoroutineSingletons;                             : loaded 2 times (x 69B)
Class kotlin.reflect.jvm.internal.KPropertyImpl$_javaField$1                          : loaded 2 times (x 79B)
Class kotlin.reflect.jvm.internal.KClassImpl$data$1                                   : loaded 2 times (x 79B)
Class kotlin.jvm.internal.FunctionReference                                           : loaded 2 times (x 122B)
Class kotlin.jvm.internal.FunctionBase                                                : loaded 2 times (x 70B)
Class kotlin.enums.EnumEntriesList                                                    : loaded 2 times (x 223B)
Class com.google.common.collect.ImmutableRangeSet$AsSet                               : loaded 2 times (x 299B)
Class com.google.common.cache.CacheLoader$FunctionToCacheLoader                       : loaded 2 times (x 75B)
Class com.google.common.collect.Iterators$ArrayItr                                    : loaded 2 times (x 97B)
Class com.google.common.collect.ImmutableCollection$Builder                           : loaded 2 times (x 76B)
Class kotlin.comparisons.ComparisonsKt___ComparisonsJvmKt                             : loaded 2 times (x 71B)
Class kotlin.collections.builders.ListBuilder$Companion                               : loaded 2 times (x 71B)
Class kotlin.collections.builders.ListBuilder                                         : loaded 2 times (x 207B)
Class org.jetbrains.kotlin.config.LanguageFeature                                     : loaded 2 times (x 80B)
Class kotlin.reflect.jvm.internal.impl.name.FqNamesUtilKt                             : loaded 2 times (x 71B)
Class kotlin.collections.builders.AbstractMapBuilderEntrySet                          : loaded 2 times (x 144B)
Class kotlin.collections.CollectionsKt__IteratorsJVMKt                                : loaded 2 times (x 71B)
Class com.google.common.base.Joiner                                                   : loaded 2 times (x 79B)
Class com.google.common.base.MoreObjects                                              : loaded 2 times (x 71B)
Class kotlin.Result                                                                   : loaded 2 times (x 72B)
Class kotlin.reflect.KProperty0                                                       : loaded 2 times (x 70B)
Class org.jetbrains.kotlin.config.LanguageOrApiVersion                                : loaded 2 times (x 70B)
Class org.jetbrains.kotlin.cli.common.arguments.PreprocessCommandLineArgumentsKt      : loaded 2 times (x 71B)
Class [Lorg.objectweb.asm.Type;                                                       : loaded 2 times (x 69B)
Class com.google.common.collect.Platform                                              : loaded 2 times (x 71B)
Class com.google.common.collect.UnmodifiableIterator                                  : loaded 2 times (x 80B)
Class org.gradle.internal.service.ServiceLocator                                      : loaded 2 times (x 70B)
Class [Lorg.jetbrains.kotlin.konan.target.KonanTarget;                                : loaded 2 times (x 69B)
Class kotlin.sequences.TransformingSequence$iterator$1                                : loaded 2 times (x 79B)
Class [Lkotlin.Function;                                                              : loaded 2 times (x 69B)
Class kotlin.Pair                                                                     : loaded 2 times (x 72B)
Class kotlin.reflect.KClass                                                           : loaded 2 times (x 70B)
Class kotlin.reflect.KProperty1                                                       : loaded 2 times (x 70B)
Class com.google.common.collect.SingletonImmutableBiMap                               : loaded 2 times (x 143B)
Class com.google.common.base.Ascii                                                    : loaded 2 times (x 71B)
Class com.google.common.cache.LocalCache$1                                            : loaded 2 times (x 89B)
Class com.google.common.collect.AbstractMapEntry                                      : loaded 2 times (x 81B)
Class kotlin.sequences.GeneratorSequence$iterator$1                                   : loaded 2 times (x 79B)
Class kotlin.io.CloseableKt                                                           : loaded 2 times (x 71B)
Class kotlin.reflect.jvm.internal.KClassImpl$Data$qualifiedName$2                     : loaded 2 times (x 79B)
Class kotlin.reflect.KProperty2                                                       : loaded 2 times (x 70B)
Class kotlin.collections.CollectionsKt__MutableCollectionsKt                          : loaded 2 times (x 71B)
Class com.google.common.collect.Sets$ImprovedAbstractSet                              : loaded 2 times (x 135B)
Class com.google.common.collect.ImmutableList$Builder                                 : loaded 2 times (x 77B)
Class com.google.common.cache.LocalCache$2                                            : loaded 2 times (x 142B)
Class com.google.common.collect.AbstractMultimap                                      : loaded 2 times (x 123B)
Class kotlin.coroutines.CoroutineContext$Element                                      : loaded 2 times (x 70B)
Class kotlin.io.TerminateException                                                    : loaded 2 times (x 82B)
Class kotlin.io.FilesKt__FilePathComponentsKt                                         : loaded 2 times (x 71B)
Class kotlin.reflect.jvm.internal.impl.utils.CollectionsKt                            : loaded 2 times (x 71B)
Class kotlin.reflect.KCallable                                                        : loaded 2 times (x 70B)
Class com.google.common.collect.ImmutableRangeSet$1                                   : loaded 2 times (x 209B)
Class com.google.common.util.concurrent.AbstractFuture$UnsafeAtomicHelper$1           : loaded 2 times (x 76B)
Class com.google.common.collect.RegularImmutableAsList                                : loaded 2 times (x 216B)
Class kotlin.text.CharsKt                                                             : loaded 2 times (x 71B)
Class com.google.common.collect.Range                                                 : loaded 2 times (x 87B)
Class com.google.common.util.concurrent.AbstractFuture$Trusted                        : loaded 2 times (x 70B)
Class com.google.common.collect.Iterators                                             : loaded 2 times (x 71B)
Class com.google.common.base.CharMatcher$RangesMatcher                                : loaded 2 times (x 112B)
Class kotlin.reflect.jvm.internal.KMutableProperty1Impl                               : loaded 2 times (x 135B)
Class kotlin.coroutines.ContinuationInterceptor$Key                                   : loaded 2 times (x 71B)
Class kotlin.text.DelimitedRangesSequence$iterator$1                                  : loaded 2 times (x 79B)
Class org.jetbrains.kotlin.config.Services                                            : loaded 2 times (x 72B)
Class com.google.common.util.concurrent.UncheckedExecutionException                   : loaded 2 times (x 82B)
Class com.google.common.collect.Lists$StringAsImmutableList                           : loaded 2 times (x 207B)
Class kotlin.reflect.jvm.internal.KClassImpl$Data$declaredMembers$2                   : loaded 2 times (x 79B)
Class kotlin.collections.builders.MapBuilder$EntriesItr                               : loaded 2 times (x 81B)
Class com.google.common.collect.ImmutableSortedSetFauxverideShim                      : loaded 2 times (x 147B)
Class com.google.common.base.CharMatcher$JavaLetterOrDigit                            : loaded 2 times (x 111B)
Class org.gradle.internal.InternalTransformer                                         : loaded 2 times (x 70B)
Class kotlin.jvm.JvmStatic                                                            : loaded 2 times (x 70B)
Class kotlin.collections.ArraysKt___ArraysKt$asSequence$$inlined$Sequence$1           : loaded 2 times (x 75B)
Class kotlin.reflect.jvm.internal.ReflectionFactoryImpl                               : loaded 2 times (x 91B)
Class kotlin.collections.MapsKt__MapsJVMKt                                            : loaded 2 times (x 71B)
Class kotlin.collections.EmptyList                                                    : loaded 2 times (x 174B)
Class com.google.common.collect.AbstractMapBasedMultimap$KeySet$1                     : loaded 2 times (x 82B)
Class org.objectweb.asm.ClassWriter                                                   : loaded 2 times (x 106B)
Class com.google.common.cache.CacheLoader$UnsupportedLoadingOperationException        : loaded 2 times (x 82B)
Class com.google.common.base.CharMatcher$And                                          : loaded 2 times (x 112B)
Class org.gradle.internal.classloader.ClasspathUtil$1                                 : loaded 2 times (x 76B)
Class kotlin.reflect.jvm.internal.impl.builtins.StandardNames$FqNames                 : loaded 2 times (x 71B)
Class kotlin.collections.builders.ListBuilderKt                                       : loaded 2 times (x 71B)
Class com.google.common.base.Objects                                                  : loaded 2 times (x 71B)
Class org.objectweb.asm.FieldVisitor                                                  : loaded 2 times (x 77B)
Class com.google.common.collect.IndexedImmutableSet                                   : loaded 2 times (x 150B)
Class com.google.common.collect.ImmutableMap$1                                        : loaded 2 times (x 81B)
Class com.google.common.collect.BiMap                                                 : loaded 2 times (x 70B)
Class org.gradle.api.internal.classpath.DefaultModuleRegistry$DefaultModule           : loaded 2 times (x 86B)
Class kotlin.ResultKt                                                                 : loaded 2 times (x 71B)
Class org.jetbrains.kotlin.name.ClassId                                               : loaded 2 times (x 72B)
Class com.google.common.primitives.Ints                                               : loaded 2 times (x 71B)
Class com.google.common.collect.AbstractIterator                                      : loaded 2 times (x 82B)
Class org.jetbrains.kotlin.konan.target.KonanTarget$TVOS_X64                          : loaded 2 times (x 78B)
Class kotlin.Result$Failure                                                           : loaded 2 times (x 72B)
Class kotlin.reflect.jvm.internal.KClassImpl$Data$inheritedStaticMembers$2            : loaded 2 times (x 79B)
Class kotlin.collections.ArraysKt__ArraysKt                                           : loaded 2 times (x 71B)
Class com.google.common.math.MathPreconditions                                        : loaded 2 times (x 71B)
Class com.google.common.collect.Multiset                                              : loaded 2 times (x 70B)
Class com.google.common.collect.ArrayListMultimapGwtSerializationDependencies         : loaded 2 times (x 172B)
Class com.google.common.collect.ObjectArrays                                          : loaded 2 times (x 71B)
Class com.google.common.collect.AbstractIndexedListIterator                           : loaded 2 times (x 96B)
Class kotlin.collections.SetsKt__SetsJVMKt                                            : loaded 2 times (x 71B)
Class kotlin.reflect.jvm.internal.impl.builtins.jvm.JavaToKotlinClassMap              : loaded 2 times (x 71B)
Class kotlin.reflect.jvm.internal.KotlinReflectionInternalError                       : loaded 2 times (x 82B)
Class kotlin.Function                                                                 : loaded 2 times (x 70B)
Class com.google.common.collect.ImmutableMapEntrySet                                  : loaded 2 times (x 151B)
Class org.gradle.api.internal.classpath.Module                                        : loaded 2 times (x 70B)
Class kotlin.internal.ProgressionUtilKt                                               : loaded 2 times (x 71B)
Class kotlin.io.FileAlreadyExistsException                                            : loaded 2 times (x 82B)
Class kotlin.KotlinVersion                                                            : loaded 2 times (x 74B)
Class kotlin.reflect.jvm.internal.KClassifierImpl                                     : loaded 2 times (x 70B)
Class kotlin.reflect.KMutableProperty                                                 : loaded 2 times (x 70B)
Class com.google.common.cache.Weigher                                                 : loaded 2 times (x 70B)
Class org.gradle.api.internal.classpath.UnknownModuleException                        : loaded 2 times (x 82B)
Class org.jetbrains.kotlin.config.ApiVersion                                          : loaded 2 times (x 86B)
Class kotlin.jvm.internal.PropertyReference                                           : loaded 2 times (x 115B)
Class org.jetbrains.kotlin.cli.common.arguments.K2JVMCompilerArguments$Companion      : loaded 2 times (x 71B)
Class org.jetbrains.kotlin.config.Services$Companion                                  : loaded 2 times (x 71B)
Class com.google.common.base.Stopwatch                                                : loaded 2 times (x 72B)
Class com.google.common.cache.LocalCache$Strength                                     : loaded 2 times (x 81B)
Class com.google.common.cache.Cache                                                   : loaded 2 times (x 70B)
Class kotlin.reflect.jvm.internal.KClassImpl$Data$nestedClasses$2                     : loaded 2 times (x 79B)
Class com.google.common.util.concurrent.AbstractFuture$Cancellation                   : loaded 2 times (x 72B)
Class com.google.common.collect.ImmutableMap$Builder                                  : loaded 2 times (x 82B)
Class com.google.common.base.NullnessCasts                                            : loaded 2 times (x 71B)
Class org.jetbrains.kotlin.konan.target.KonanTarget$IOS_ARM64                         : loaded 2 times (x 78B)
Class [Lkotlin.reflect.jvm.internal.impl.builtins.PrimitiveType;                      : loaded 2 times (x 69B)
Class kotlin.reflect.jvm.internal.impl.builtins.StandardNames                         : loaded 2 times (x 71B)
Class kotlin.reflect.jvm.internal.KClassImpl$Data$annotations$2                       : loaded 2 times (x 79B)
Class kotlin.reflect.jvm.internal.ReflectProperties$LazySoftVal                       : loaded 2 times (x 78B)
Class [Lkotlin.reflect.KAnnotatedElement;                                             : loaded 2 times (x 69B)
Class org.jetbrains.kotlin.cli.common.arguments.CommonToolArguments$Companion         : loaded 2 times (x 71B)
Class com.google.common.cache.RemovalListener                                         : loaded 2 times (x 70B)
Class org.gradle.api.internal.DefaultClassPathRegistry                                : loaded 2 times (x 76B)
Class kotlin.ranges.ClosedRange                                                       : loaded 2 times (x 70B)
Class kotlin.reflect.jvm.internal.KPropertyImpl                                       : loaded 2 times (x 115B)
Class kotlin.reflect.KProperty                                                        : loaded 2 times (x 70B)
Class kotlin.jvm.internal.Reflection                                                  : loaded 2 times (x 71B)
Class kotlin.jvm.JvmClassMappingKt                                                    : loaded 2 times (x 71B)
Class org.jetbrains.kotlin.load.java.JvmAbi                                           : loaded 2 times (x 71B)
Class [Lorg.jetbrains.kotlin.config.JvmDefaultMode;                                   : loaded 2 times (x 69B)
Class org.jetbrains.kotlin.cli.common.messages.MessageCollector                       : loaded 2 times (x 70B)
Class com.google.common.primitives.IntsMethodsForWeb                                  : loaded 2 times (x 71B)
Class com.google.common.collect.Multimap                                              : loaded 2 times (x 70B)
Class org.gradle.api.internal.ClassPathRegistry                                       : loaded 2 times (x 70B)
Class org.gradle.internal.classpath.DefaultClassPath$ImmutableUniqueList              : loaded 2 times (x 199B)
Class kotlin.collections.IntIterator                                                  : loaded 2 times (x 82B)
Class kotlin.jvm.internal.TypeIntrinsics                                              : loaded 2 times (x 71B)
Class org.jetbrains.kotlin.konan.target.KonanTarget$Companion$predefinedTargets$2     : loaded 2 times (x 78B)
Class kotlin.reflect.jvm.internal.impl.resolve.jvm.JvmPrimitiveType                   : loaded 2 times (x 79B)
Class kotlin.reflect.jvm.internal.KClassImpl$Data$declaredNonStaticMembers$2          : loaded 2 times (x 79B)
Class kotlin.text.StringsKt__StringsJVMKt                                             : loaded 2 times (x 71B)
Class com.google.common.base.ExtraObjectsMethodsForWeb                                : loaded 2 times (x 71B)
Class org.jetbrains.kotlin.konan.target.KonanTarget$LINUX_ARM64                       : loaded 2 times (x 78B)
Class org.jetbrains.kotlin.konan.target.KonanTarget$LINUX_X64                         : loaded 2 times (x 78B)
Class [Lorg.jetbrains.kotlin.konan.target.Architecture;                               : loaded 2 times (x 69B)
Class kotlin.collections.SetsKt                                                       : loaded 2 times (x 71B)
Class org.jetbrains.kotlin.config.JvmDefaultMode$Companion                            : loaded 2 times (x 71B)
Class kotlin.text.StringsKt__IndentKt                                                 : loaded 2 times (x 71B)
Class kotlin.text.MatchGroupCollection                                                : loaded 2 times (x 70B)
Class com.google.common.cache.CacheBuilder                                            : loaded 2 times (x 72B)
Class com.google.common.collect.SingletonImmutableList                                : loaded 2 times (x 207B)
Class Settings_gradle$1                                                               : loaded 2 times (x 74B)
Class org.gradle.internal.classpath.ClassPath                                         : loaded 2 times (x 70B)
Class org.gradle.api.UncheckedIOException                                             : loaded 2 times (x 82B)
Class kotlin.collections.ArrayDeque                                                   : loaded 2 times (x 207B)
Class kotlin.reflect.jvm.internal.KPackageImpl                                        : loaded 2 times (x 85B)
Class [Lkotlin.reflect.jvm.internal.impl.name.FqName;                                 : loaded 2 times (x 69B)
Class kotlin.reflect.KFunction                                                        : loaded 2 times (x 70B)
Class com.google.common.collect.ImmutableList$ReverseImmutableList                    : loaded 2 times (x 208B)
Class com.google.common.base.JdkPattern                                               : loaded 2 times (x 75B)
Class org.jetbrains.kotlin.konan.target.KonanTarget$MINGW_X64                         : loaded 2 times (x 78B)
Class org.jetbrains.kotlin.com.intellij.openapi.diagnostic.Logger                     : loaded 2 times (x 99B)
Class kotlin.reflect.jvm.internal.KClassImpl$Data$declaredStaticMembers$2             : loaded 2 times (x 79B)
Class kotlin.reflect.jvm.internal.KProperty1Impl$delegateSource$1                     : loaded 2 times (x 79B)
Class kotlin.jvm.internal.Lambda                                                      : loaded 2 times (x 75B)
Class [Lkotlin.reflect.KDeclarationContainer;                                         : loaded 2 times (x 69B)
Class kotlin.collections.MapsKt__MapsKt                                               : loaded 2 times (x 71B)
Class org.jetbrains.kotlin.cli.common.arguments.Freezable                             : loaded 2 times (x 72B)
Class org.objectweb.asm.SymbolTable$Entry                                             : loaded 2 times (x 74B)
Class com.google.common.util.concurrent.AbstractFuture$AtomicHelper                   : loaded 2 times (x 78B)
Class org.jetbrains.kotlin.konan.target.KonanTarget$ANDROID_X86                       : loaded 2 times (x 78B)
Class kotlin.jvm.internal.markers.KMutableMap$Entry                                   : loaded 2 times (x 70B)
Class org.objectweb.asm.Edge                                                          : loaded 2 times (x 72B)
Class com.google.common.base.Suppliers$SupplierOfInstance                             : loaded 2 times (x 79B)
Class com.google.common.collect.Iterators$1                                           : loaded 2 times (x 81B)
Class kotlin.properties.Delegates                                                     : loaded 2 times (x 71B)
Class kotlin.Metadata                                                                 : loaded 2 times (x 70B)
Class kotlin.collections.AbstractMutableSet                                           : loaded 2 times (x 142B)
Class kotlin.UninitializedPropertyAccessException                                     : loaded 2 times (x 82B)
Class com.google.common.cache.LocalCache$ComputingValueReference                      : loaded 2 times (x 96B)
Class com.google.common.collect.SingletonImmutableSet                                 : loaded 2 times (x 146B)
Class com.google.common.collect.ImmutableMap$IteratorBasedImmutableMap                : loaded 2 times (x 125B)
Class org.jetbrains.kotlin.konan.target.KonanTarget$TVOS_SIMULATOR_ARM64              : loaded 2 times (x 78B)
Class org.jetbrains.kotlin.konan.target.KonanTarget$Companion                         : loaded 2 times (x 71B)
Class kotlin.sequences.SequencesKt___SequencesKt$filterNotNull$1                      : loaded 2 times (x 78B)
Class kotlin.reflect.jvm.internal.KClassImpl$Data$supertypes$2                        : loaded 2 times (x 79B)
Class kotlin.reflect.KProperty$Getter                                                 : loaded 2 times (x 70B)
Class [Lorg.jetbrains.kotlin.cli.common.messages.CompilerMessageSeverity;             : loaded 2 times (x 69B)
Class com.google.common.cache.LocalCache$Segment                                      : loaded 2 times (x 154B)
Class org.jetbrains.kotlin.cli.jvm.compiler.KotlinCoreEnvironment                     : loaded 2 times (x 72B)
Class kotlin.SafePublicationLazyImpl                                                  : loaded 2 times (x 76B)
Class kotlin.reflect.jvm.internal.ReflectProperties                                   : loaded 2 times (x 71B)
Class org.jetbrains.kotlin.utils.DescriptionAware                                     : loaded 2 times (x 70B)
Class com.google.common.collect.SortedIterable                                        : loaded 2 times (x 70B)
Class [Lorg.objectweb.asm.SymbolTable$Entry;                                          : loaded 2 times (x 69B)
Class com.google.common.cache.CacheLoader                                             : loaded 2 times (x 74B)
Class com.google.common.collect.Iterators$4                                           : loaded 2 times (x 82B)
Class com.google.common.collect.ImmutableBiMap                                        : loaded 2 times (x 143B)
Class com.google.common.collect.AbstractListMultimap                                  : loaded 2 times (x 172B)
Class org.gradle.internal.installation.GradleInstallation$1                           : loaded 2 times (x 75B)
Class org.gradle.api.internal.classpath.ModuleRegistry                                : loaded 2 times (x 70B)
Class com.google.common.util.concurrent.internal.InternalFutureFailureAccess          : loaded 2 times (x 72B)
Class com.google.common.collect.Iterators$5                                           : loaded 2 times (x 82B)
Class com.google.common.collect.ImmutableSet$JdkBackedSetBuilderImpl                  : loaded 2 times (x 76B)
Class com.google.common.base.Splitter$SplittingIterator                               : loaded 2 times (x 84B)
Class kotlin.text.RegexKt                                                             : loaded 2 times (x 71B)
Class org.jetbrains.kotlin.konan.target.KonanTarget$WATCHOS_SIMULATOR_ARM64           : loaded 2 times (x 78B)
Class kotlin.coroutines.intrinsics.IntrinsicsKt__IntrinsicsKt                         : loaded 2 times (x 71B)
Class kotlin.reflect.jvm.internal.KDeclarationContainerImpl                           : loaded 2 times (x 84B)
Class org.jetbrains.kotlin.name.FqNameUnsafe                                          : loaded 2 times (x 72B)
Class com.google.common.util.concurrent.AbstractFuture$UnsafeAtomicHelper             : loaded 2 times (x 78B)
Class com.google.common.cache.LocalCache$LocalManualCache$1                           : loaded 2 times (x 75B)
Class com.google.common.base.CharMatcher$ForPredicate                                 : loaded 2 times (x 112B)
Class kotlin.io.FilesKt__UtilsKt                                                      : loaded 2 times (x 71B)
Class org.jetbrains.kotlin.config.AnalysisFlag                                        : loaded 2 times (x 72B)
Class kotlin.collections.CollectionsKt__CollectionsJVMKt                              : loaded 2 times (x 71B)
Class com.google.common.collect.ImmutableCollection                                   : loaded 2 times (x 125B)
Class com.google.common.base.CharMatcher$AnyOf                                        : loaded 2 times (x 112B)
Class org.gradle.api.internal.classpath.DefaultModuleRegistry                         : loaded 2 times (x 83B)
Class kotlin.sequences.SequencesKt                                                    : loaded 2 times (x 71B)
Class kotlin.reflect.jvm.internal.impl.name.SpecialNames                              : loaded 2 times (x 71B)
Class kotlin.KotlinVersionCurrentValue                                                : loaded 2 times (x 71B)
Class kotlin.collections.builders.MapBuilder$Itr                                      : loaded 2 times (x 72B)
Class kotlin.collections.CollectionsKt__IteratorsKt                                   : loaded 2 times (x 71B)
Class com.google.common.util.concurrent.ListenableFuture                              : loaded 2 times (x 70B)
Class com.google.common.cache.ReferenceEntry                                          : loaded 2 times (x 70B)
Class com.google.common.collect.ImmutableSet$CachingAsList                            : loaded 2 times (x 147B)
Class com.google.common.base.Converter                                                : loaded 2 times (x 90B)
Class com.google.common.collect.Lists                                                 : loaded 2 times (x 71B)
Class com.google.common.base.CharMatcher$Any                                          : loaded 2 times (x 112B)
Class org.jetbrains.kotlin.com.intellij.openapi.diagnostic.Logger$DefaultFactory      : loaded 2 times (x 74B)
Class kotlin.reflect.jvm.internal.KClassImpl$Data$allMembers$2                        : loaded 2 times (x 79B)
Class kotlin.jvm.internal.markers.KMutableSet                                         : loaded 2 times (x 70B)
Class kotlin.text.StringsKt                                                           : loaded 2 times (x 71B)
Class com.google.common.util.concurrent.AbstractFuture                                : loaded 2 times (x 106B)
Class com.google.common.base.FunctionalEquivalence                                    : loaded 2 times (x 83B)
Class com.google.common.collect.Iterators$9                                           : loaded 2 times (x 81B)
Class com.google.common.collect.AbstractMapBasedMultimap                              : loaded 2 times (x 139B)
Class com.google.common.collect.ImmutableAsList                                       : loaded 2 times (x 209B)
Class kotlin.coroutines.CoroutineContext$Key                                          : loaded 2 times (x 70B)
Class kotlin.LazyKt__LazyJVMKt                                                        : loaded 2 times (x 71B)
Class org.jetbrains.kotlin.config.ExplicitApiMode                                     : loaded 2 times (x 79B)
Class org.objectweb.asm.RecordComponentVisitor                                        : loaded 2 times (x 77B)
Class com.google.common.cache.CacheLoader$SupplierToCacheLoader                       : loaded 2 times (x 75B)
Class kotlin.text.MatchNamedGroupCollection                                           : loaded 2 times (x 70B)
Class kotlin.jvm.internal.markers.KMutableList                                        : loaded 2 times (x 70B)
Class kotlin.io.FilesKt__FileReadWriteKt                                              : loaded 2 times (x 71B)
Class [Lkotlin.Pair;                                                                  : loaded 2 times (x 69B)
Class kotlin.text.StringsKt__StringNumberConversionsKt                                : loaded 2 times (x 71B)
Class com.google.common.collect.Maps$EntryTransformer                                 : loaded 2 times (x 70B)
Class org.gradle.internal.service.ServiceLookupException                              : loaded 2 times (x 82B)
Class kotlin.jvm.internal.MutablePropertyReference1Impl                               : loaded 2 times (x 137B)
Class [Lkotlin.sequences.Sequence;                                                    : loaded 2 times (x 69B)
Class com.google.common.collect.ImmutableSortedSet                                    : loaded 2 times (x 299B)
Class [Lcom.google.common.cache.LocalCache$EntryFactory;                              : loaded 2 times (x 69B)
Class com.google.common.base.CharMatcher$JavaLetter                                   : loaded 2 times (x 111B)
Class org.gradle.internal.classloader.ClassLoaderFactory                              : loaded 2 times (x 70B)
Class kotlin.reflect.jvm.internal.impl.builtins.PrimitiveType                         : loaded 2 times (x 79B)
Class org.jetbrains.kotlin.cli.common.arguments.ArgumentParseErrors                   : loaded 2 times (x 72B)
Class com.google.common.cache.LocalCache$LocalManualCache                             : loaded 2 times (x 99B)
Class com.google.common.base.CharMatcher$IsNot                                        : loaded 2 times (x 111B)
Class com.google.common.base.CommonPattern                                            : loaded 2 times (x 74B)
Class org.gradle.internal.service.CachingServiceLocator                               : loaded 2 times (x 82B)
Class kotlin.jvm.internal.CallableReference                                           : loaded 2 times (x 106B)
Class com.google.common.collect.AbstractMapBasedMultimap$KeySet                       : loaded 2 times (x 137B)
Class com.google.common.collect.RegularImmutableSortedSet                             : loaded 2 times (x 299B)
Class com.google.common.math.IntMath                                                  : loaded 2 times (x 71B)
Class kotlin.ranges.IntRange                                                          : loaded 2 times (x 93B)
Class kotlin.reflect.jvm.internal.impl.descriptors.runtime.structure.ReflectClassUtilKt: loaded 2 times (x 71B)
Class kotlin.properties.ReadOnlyProperty                                              : loaded 2 times (x 70B)
Class kotlin.jvm.internal.markers.KMutableMap                                         : loaded 2 times (x 70B)
Class com.google.common.collect.Iterators$10                                          : loaded 2 times (x 81B)
Class com.google.common.collect.ImmutableMapEntry                                     : loaded 2 times (x 85B)
Class com.google.common.base.CharMatcher$JavaDigit                                    : loaded 2 times (x 111B)
Class org.jetbrains.kotlin.name.FqName                                                : loaded 2 times (x 72B)
Class org.jetbrains.kotlin.cli.common.arguments.CommonCompilerArguments$Companion     : loaded 2 times (x 71B)
Class kotlin.enums.EnumEntries                                                        : loaded 2 times (x 70B)
Class com.google.common.base.Equivalence                                              : loaded 2 times (x 82B)
Class com.google.common.collect.ImmutableMapEntry$NonTerminalImmutableMapEntry        : loaded 2 times (x 85B)
Class com.google.common.base.Function                                                 : loaded 2 times (x 70B)
Class kotlin.jvm.internal.markers.KMutableListIterator                                : loaded 2 times (x 70B)
Class kotlin.reflect.jvm.internal.KCallableImpl$_returnType$1                         : loaded 2 times (x 79B)
Class org.jetbrains.kotlin.name.ClassId$Companion                                     : loaded 2 times (x 71B)
Class [Lorg.jetbrains.kotlin.cli.common.CompilerSystemProperties;                     : loaded 2 times (x 69B)
Class com.google.common.collect.IndexedImmutableSet$1                                 : loaded 2 times (x 212B)
Class com.google.common.cache.CacheBuilder$OneWeigher                                 : loaded 2 times (x 82B)
Class com.google.common.collect.RegularImmutableList                                  : loaded 2 times (x 212B)
Class org.jetbrains.kotlin.com.intellij.openapi.diagnostic.Logger$Factory             : loaded 2 times (x 70B)
Class kotlin.reflect.jvm.internal.KDeclarationContainerImpl$Companion                 : loaded 2 times (x 71B)
Class com.google.common.collect.ImmutableBiMapFauxverideShim                          : loaded 2 times (x 120B)
Class org.gradle.internal.classloader.ClasspathUtil                                   : loaded 2 times (x 71B)
Class kotlin.sequences.EmptySequence                                                  : loaded 2 times (x 78B)
Class kotlin.io.FileSystemException                                                   : loaded 2 times (x 82B)
Class kotlin.jvm.internal.PropertyReference0                                          : loaded 2 times (x 127B)
Class org.jetbrains.kotlin.cli.common.arguments.ParseCommandLineArgumentsKt           : loaded 2 times (x 71B)
Class com.google.common.base.Charsets                                                 : loaded 2 times (x 71B)
Class com.google.common.util.concurrent.Uninterruptibles                              : loaded 2 times (x 71B)
Class kotlin.reflect.full.IllegalCallableAccessException                              : loaded 2 times (x 82B)
Class kotlin.jvm.internal.DefaultConstructorMarker                                    : loaded 2 times (x 71B)
Class kotlin.jvm.internal.PropertyReference1                                          : loaded 2 times (x 127B)
Class com.google.common.collect.Maps                                                  : loaded 2 times (x 71B)
Class com.google.common.base.CharMatcher$JavaUpperCase                                : loaded 2 times (x 111B)
Class org.gradle.api.specs.Spec                                                       : loaded 2 times (x 70B)
Class kotlin.UnsafeLazyImpl                                                           : loaded 2 times (x 76B)
Class kotlin.LazyKt__LazyJVMKt$WhenMappings                                           : loaded 2 times (x 71B)
Class kotlin.jvm.internal.PropertyReference2                                          : loaded 2 times (x 127B)
Class kotlin.jvm.internal.MutablePropertyReference                                    : loaded 2 times (x 119B)
Class org.jetbrains.kotlin.name.Name                                                  : loaded 2 times (x 75B)
Class [Lcom.google.common.collect.ImmutableEntry;                                     : loaded 2 times (x 69B)
Class [Lkotlin.reflect.jvm.internal.impl.builtins.jvm.JavaToKotlinClassMap$PlatformMutabilityMapping;: loaded 2 times (x 69B)
Class kotlin.reflect.jvm.internal.KClassImpl$Data$constructors$2                      : loaded 2 times (x 79B)
Class kotlin.LazyThreadSafetyMode                                                     : loaded 2 times (x 79B)
Class kotlin.reflect.full.IllegalPropertyDelegateAccessException                      : loaded 2 times (x 82B)
Class kotlin.jvm.internal.ArrayIterator                                               : loaded 2 times (x 79B)
Class com.google.common.cache.LocalCache$LoadingValueReference                        : loaded 2 times (x 96B)
Class kotlin.collections.EmptyIterator                                                : loaded 2 times (x 89B)
Class kotlin.jvm.internal.SpreadBuilder                                               : loaded 2 times (x 76B)
Class kotlin.SynchronizedLazyImpl                                                     : loaded 2 times (x 76B)
Class kotlin.text.StringsKt__RegexExtensionsKt                                        : loaded 2 times (x 71B)
Class com.google.common.base.Platform                                                 : loaded 2 times (x 71B)
Class kotlin.io.FilePathComponents                                                    : loaded 2 times (x 72B)
Class kotlin.sequences.SequencesKt__SequencesJVMKt                                    : loaded 2 times (x 71B)
Class kotlin.collections.AbstractList                                                 : loaded 2 times (x 197B)
Class kotlin.collections.AbstractCollection                                           : loaded 2 times (x 117B)
Class org.jetbrains.kotlin.codegen.CompilationException                               : loaded 2 times (x 95B)
Class [Lorg.objectweb.asm.AnnotationWriter;                                           : loaded 2 times (x 69B)
Class com.google.common.primitives.Ints$IntConverter                                  : loaded 2 times (x 90B)
Class com.google.common.collect.Maps$8                                                : loaded 2 times (x 82B)
Class kotlin.Triple                                                                   : loaded 2 times (x 72B)
Class kotlin.collections.ArrayAsCollection                                            : loaded 2 times (x 105B)
Class kotlin.text.Regex                                                               : loaded 2 times (x 72B)
Class kotlin.LazyKt__LazyKt                                                           : loaded 2 times (x 71B)
Class kotlin.text.StringsKt__StringBuilderJVMKt                                       : loaded 2 times (x 71B)
Class com.google.common.collect.ImmutableRangeSet$Builder                             : loaded 2 times (x 77B)
Class com.google.common.collect.Sets$SetView                                          : loaded 2 times (x 138B)
Class com.google.common.cache.LocalCache$StrongValueReference                         : loaded 2 times (x 90B)
Class com.google.common.util.concurrent.AbstractFuture$SynchronizedHelper             : loaded 2 times (x 78B)
Class com.google.common.base.CharMatcher$Invisible                                    : loaded 2 times (x 112B)
Class kotlin.jvm.internal.Ref$ObjectRef                                               : loaded 2 times (x 72B)
Class kotlin.jvm.internal.ReflectionFactory                                           : loaded 2 times (x 91B)
Class kotlin.UNINITIALIZED_VALUE                                                      : loaded 2 times (x 71B)
Class [Lorg.jetbrains.kotlin.config.JVMAssertionsMode;                                : loaded 2 times (x 69B)
Class org.jetbrains.kotlin.config.JVMAssertionsMode                                   : loaded 2 times (x 79B)
Class org.objectweb.asm.Type                                                          : loaded 2 times (x 72B)
Class org.gradle.internal.classloader.VisitableURLClassLoader$InstrumentingVisitableURLClassLoader: loaded 2 times (x 123B)
Class kotlin.comparisons.ComparisonsKt__ComparisonsKt                                 : loaded 2 times (x 71B)
Class kotlin.coroutines.CoroutineContext$Element$DefaultImpls                         : loaded 2 times (x 71B)
Class kotlin.coroutines.Continuation                                                  : loaded 2 times (x 70B)
Class kotlin.sequences.SequencesKt__SequencesKt                                       : loaded 2 times (x 71B)
Class [Lkotlin.reflect.jvm.internal.impl.resolve.jvm.JvmPrimitiveType;                : loaded 2 times (x 69B)
Class kotlin.collections.SetsKt___SetsKt                                              : loaded 2 times (x 71B)
Class kotlin.jvm.internal.ClassBasedDeclarationContainer                              : loaded 2 times (x 70B)
Class kotlin.ranges.RangesKt__RangesKt                                                : loaded 2 times (x 71B)
Class org.objectweb.asm.ByteVector                                                    : loaded 2 times (x 79B)
Class [Lcom.google.common.cache.CacheBuilder$NullListener;                            : loaded 2 times (x 69B)
Class com.google.common.math.IntMath$1                                                : loaded 2 times (x 71B)
Class org.gradle.internal.classloader.VisitableURLClassLoader$Spec                    : loaded 2 times (x 74B)
Class org.gradle.internal.classpath.DefaultClassPath                                  : loaded 2 times (x 90B)
Class kotlin.reflect.jvm.internal.KMutableProperty1Impl$_setter$1                     : loaded 2 times (x 79B)
Class kotlin.comparisons.ComparisonsKt                                                : loaded 2 times (x 71B)
Class kotlin.comparisons.ComparisonsKt___ComparisonsKt                                : loaded 2 times (x 71B)
Class org.jetbrains.kotlin.konan.target.Architecture                                  : loaded 2 times (x 79B)
Class kotlin.Result$Companion                                                         : loaded 2 times (x 71B)
Class kotlin.coroutines.jvm.internal.BaseContinuationImpl                             : loaded 2 times (x 87B)
Class kotlin.sequences.FilteringSequence                                              : loaded 2 times (x 75B)
Class kotlin.text.CharsKt__CharJVMKt                                                  : loaded 2 times (x 71B)
Class org.objectweb.asm.Symbol                                                        : loaded 2 times (x 73B)
Class com.google.common.base.AbstractIterator                                         : loaded 2 times (x 80B)
Class org.jetbrains.kotlin.konan.target.KonanTarget$MACOS_X64                         : loaded 2 times (x 78B)
Class org.jetbrains.kotlin.konan.util.Named                                           : loaded 2 times (x 70B)
Class kotlin.reflect.KType                                                            : loaded 2 times (x 70B)
Class com.google.common.collect.ImmutableSet                                          : loaded 2 times (x 145B)
Class com.google.common.collect.RegularImmutableMap$Values                            : loaded 2 times (x 207B)
Class com.google.common.base.CharMatcher$BitSetMatcher                                : loaded 2 times (x 112B)
Class com.google.common.base.CharMatcher$Ascii                                        : loaded 2 times (x 112B)
Class org.gradle.internal.classloader.ClassLoaderSpec                                 : loaded 2 times (x 71B)
Class kotlin.jvm.internal.FunctionReferenceImpl                                       : loaded 2 times (x 122B)
Class kotlin.text.DelimitedRangesSequence                                             : loaded 2 times (x 75B)
Class kotlin.reflect.jvm.internal.ReflectProperties$Val$1                             : loaded 2 times (x 71B)
Class kotlin.collections.CollectionsKt___CollectionsJvmKt                             : loaded 2 times (x 71B)
Class org.objectweb.asm.AnnotationWriter                                              : loaded 2 times (x 79B)
Class com.google.common.cache.CacheStats                                              : loaded 2 times (x 71B)
Class kotlin.sequences.SequencesKt___SequencesJvmKt                                   : loaded 2 times (x 71B)
Class kotlin.Unit                                                                     : loaded 2 times (x 71B)
Class kotlin.TuplesKt                                                                 : loaded 2 times (x 71B)
Class kotlin.jvm.internal.markers.KMutableIterable                                    : loaded 2 times (x 70B)
Class org.objectweb.asm.RecordComponentWriter                                         : loaded 2 times (x 78B)
Class com.google.common.util.concurrent.AbstractFuture$Listener                       : loaded 2 times (x 72B)
Class com.google.common.base.CharMatcher$Or                                           : loaded 2 times (x 112B)
Class Settings_gradle$1$1                                                             : loaded 2 times (x 74B)
Class kotlin.ranges.RangesKt                                                          : loaded 2 times (x 71B)
Class org.jetbrains.kotlin.config.Services$Builder                                    : loaded 2 times (x 72B)
Class org.objectweb.asm.Attribute                                                     : loaded 2 times (x 77B)
Class com.google.common.base.Supplier                                                 : loaded 2 times (x 70B)
Class org.gradle.internal.classloader.VisitableURLClassLoader                         : loaded 2 times (x 117B)
Class kotlin.sequences.GeneratorSequence                                              : loaded 2 times (x 75B)
Class org.jetbrains.kotlin.konan.target.KonanTarget$WATCHOS_X64                       : loaded 2 times (x 78B)
Class kotlin.sequences.FlatteningSequence$iterator$1                                  : loaded 2 times (x 79B)
Class kotlin.reflect.jvm.internal.KClassImpl                                          : loaded 2 times (x 115B)
Class kotlin.jvm.functions.Function0                                                  : loaded 2 times (x 70B)
Class kotlin.collections.ArraysUtilJVM                                                : loaded 2 times (x 71B)
Class com.google.common.util.concurrent.AbstractFuture$Waiter                         : loaded 2 times (x 72B)
Class Settings_gradle                                                                 : loaded 2 times (x 128B)
Class org.gradle.internal.Cast                                                        : loaded 2 times (x 71B)
Class org.gradle.api.Action                                                           : loaded 2 times (x 70B)
Class kotlin.properties.ReadWriteProperty                                             : loaded 2 times (x 70B)
Class kotlin.collections.AbstractMutableList                                          : loaded 2 times (x 206B)
Class org.jetbrains.kotlin.cli.common.messages.GradleStyleMessageRenderer             : loaded 2 times (x 78B)
Class kotlin.jvm.functions.Function1                                                  : loaded 2 times (x 70B)
Class com.google.common.collect.Sets                                                  : loaded 2 times (x 71B)
Class org.objectweb.asm.Handler                                                       : loaded 2 times (x 72B)
Class com.google.common.base.Ticker                                                   : loaded 2 times (x 72B)
Class com.google.common.base.Strings                                                  : loaded 2 times (x 71B)
Class com.google.common.base.CharMatcher$FastMatcher                                  : loaded 2 times (x 111B)
Class org.gradle.internal.agents.InstrumentingClassLoader                             : loaded 2 times (x 70B)
Class kotlin.reflect.jvm.internal.KCallableImpl$_typeParameters$1                     : loaded 2 times (x 79B)
Class kotlin.jvm.functions.Function2                                                  : loaded 2 times (x 70B)
Class kotlin.jvm.internal.markers.KMutableIterator                                    : loaded 2 times (x 70B)
Class [Lcom.google.common.cache.LocalCache$Segment;                                   : loaded 2 times (x 69B)
Class [Lcom.google.common.cache.LocalCache$Strength;                                  : loaded 2 times (x 69B)
Class com.google.common.cache.CacheBuilder$1                                          : loaded 2 times (x 85B)
Class com.google.common.collect.ImmutableMap                                          : loaded 2 times (x 120B)
Class com.google.common.base.Predicate                                                : loaded 2 times (x 70B)
Class org.gradle.internal.classpath.DefaultClassPath$ImmutableUniqueList$Builder      : loaded 2 times (x 75B)
Class kotlin.jvm.functions.Function3                                                  : loaded 2 times (x 70B)
Class kotlin.reflect.jvm.internal.KProperty1Impl$_getter$1                            : loaded 2 times (x 79B)
Class kotlin.reflect.jvm.internal.KDeclarationContainerImpl$Data                      : loaded 2 times (x 72B)
Class kotlin.collections.MapsKt___MapsJvmKt                                           : loaded 2 times (x 71B)
Class org.jetbrains.kotlin.utils.exceptions.KotlinExceptionWithAttachments            : loaded 2 times (x 70B)
Class com.google.common.collect.AbstractRangeSet                                      : loaded 2 times (x 114B)
Class com.google.common.cache.LocalCache                                              : loaded 2 times (x 187B)
Class com.google.common.cache.CacheBuilder$2                                          : loaded 2 times (x 72B)
Class com.google.common.base.CharMatcher$NegatedFastMatcher                           : loaded 2 times (x 113B)
Class org.jetbrains.kotlin.konan.target.KonanTarget$ANDROID_X64                       : loaded 2 times (x 78B)
Class kotlin.reflect.jvm.internal.impl.builtins.PrimitiveType$Companion               : loaded 2 times (x 71B)
Class kotlin.jvm.functions.Function4                                                  : loaded 2 times (x 70B)
Class kotlin.reflect.jvm.internal.KClassImpl$Data$typeParameters$2                    : loaded 2 times (x 79B)
Class kotlin.reflect.jvm.internal.KClassImpl$Data                                     : loaded 2 times (x 72B)
Class org.jetbrains.kotlin.config.LanguageVersion                                     : loaded 2 times (x 91B)
Class kotlin.annotation.Target                                                        : loaded 2 times (x 70B)
Class kotlin.collections.EmptySet                                                     : loaded 2 times (x 122B)
Class kotlin.collections.CollectionsKt___CollectionsKt                                : loaded 2 times (x 71B)
Class org.jetbrains.kotlin.cli.common.arguments.K2JVMCompilerArguments                : loaded 2 times (x 81B)
Class [Lcom.google.common.collect.AbstractMapEntry;                                   : loaded 2 times (x 69B)
Class com.google.common.collect.ImmutableEntry                                        : loaded 2 times (x 82B)
Class com.google.common.collect.ArrayListMultimap                                     : loaded 2 times (x 172B)
Class com.google.common.base.AbstractIterator$1                                       : loaded 2 times (x 71B)
Class com.google.common.base.CharMatcher$Digit                                        : loaded 2 times (x 112B)
Class org.gradle.api.GradleException                                                  : loaded 2 times (x 82B)
Class kotlin.annotation.Retention                                                     : loaded 2 times (x 70B)
Class kotlin.jvm.functions.Function5                                                  : loaded 2 times (x 70B)
Class kotlin.text.StringsKt___StringsJvmKt                                            : loaded 2 times (x 71B)
Class kotlin.reflect.KDeclarationContainer                                            : loaded 2 times (x 70B)
Class com.google.common.collect.CollectPreconditions                                  : loaded 2 times (x 71B)
Class com.google.common.base.CharMatcher$JavaIsoControl                               : loaded 2 times (x 112B)
Class kotlin.io.FilesKt                                                               : loaded 2 times (x 71B)
Class kotlin.jvm.functions.Function6                                                  : loaded 2 times (x 70B)
Class kotlin.reflect.jvm.internal.KPropertyImpl$_descriptor$1                         : loaded 2 times (x 79B)
Class kotlin.reflect.jvm.internal.KTypeParameterOwnerImpl                             : loaded 2 times (x 70B)
Class kotlin.collections.MapsKt___MapsKt                                              : loaded 2 times (x 71B)
Class kotlin.collections.ArraysKt___ArraysKt                                          : loaded 2 times (x 71B)
Class com.google.common.collect.SortedMapDifference                                   : loaded 2 times (x 70B)
Class com.google.common.base.CharMatcher$JavaLowerCase                                : loaded 2 times (x 111B)
Class kotlin.jvm.functions.Function7                                                  : loaded 2 times (x 70B)
Class kotlin.reflect.jvm.internal.impl.name.Name                                      : loaded 2 times (x 75B)
Class kotlin.reflect.jvm.internal.KPropertyImpl$Companion                             : loaded 2 times (x 71B)
Class kotlin.collections.MapsKt__MapWithDefaultKt                                     : loaded 2 times (x 71B)
Class org.jetbrains.kotlin.cli.common.arguments.CommonCompilerArguments               : loaded 2 times (x 80B)
Class com.google.common.cache.LocalCache$EntryFactory                                 : loaded 2 times (x 83B)
Class org.jetbrains.kotlin.konan.target.Family                                        : loaded 2 times (x 79B)
Class kotlin.jvm.functions.Function8                                                  : loaded 2 times (x 70B)
Class kotlin.reflect.jvm.internal.impl.name.FqNameUnsafe                              : loaded 2 times (x 72B)
Class kotlin.collections.builders.MapBuilder$Companion                                : loaded 2 times (x 71B)
Class kotlin.collections.CollectionsKt__MutableCollectionsJVMKt                       : loaded 2 times (x 71B)
Class kotlin.text.StringsKt___StringsKt                                               : loaded 2 times (x 71B)
Class kotlin.enums.EnumEntriesKt                                                      : loaded 2 times (x 71B)
Class com.google.common.cache.LocalCache$AbstractReferenceEntry                       : loaded 2 times (x 107B)
Class com.google.common.base.Splitter$1$1                                             : loaded 2 times (x 86B)
Class com.google.common.base.CharMatcher$Whitespace                                   : loaded 2 times (x 112B)
Class org.gradle.internal.IoActions                                                   : loaded 2 times (x 71B)
Class kotlin.annotation.MustBeDocumented                                              : loaded 2 times (x 70B)
Class org.jetbrains.kotlin.konan.target.KonanTarget$LINUX_ARM32_HFP                   : loaded 2 times (x 78B)
Class kotlin.jvm.functions.Function10                                                 : loaded 2 times (x 70B)
Class kotlin.jvm.functions.Function9                                                  : loaded 2 times (x 70B)
Class kotlin.reflect.jvm.internal.KClassImpl$Data$allNonStaticMembers$2               : loaded 2 times (x 79B)
Class [Lkotlin.LazyThreadSafetyMode;                                                  : loaded 2 times (x 69B)
Class [Lkotlin.reflect.KClassifier;                                                   : loaded 2 times (x 69B)
Class kotlin.reflect.jvm.internal.EmptyContainerForLocal                              : loaded 2 times (x 84B)
Class org.jetbrains.kotlin.utils.KotlinExceptionWithAttachments                       : loaded 2 times (x 94B)
Class com.google.common.collect.ImmutableRangeSet$ComplementRanges                    : loaded 2 times (x 207B)
Class org.objectweb.asm.SymbolTable                                                   : loaded 2 times (x 72B)
Class com.google.common.cache.CacheLoader$InvalidCacheLoadException                   : loaded 2 times (x 82B)
Class com.google.common.collect.ImmutableSet$RegularSetBuilderImpl                    : loaded 2 times (x 77B)
Class com.google.common.base.CharMatcher$SingleWidth                                  : loaded 2 times (x 112B)
Class org.gradle.internal.classloader.SystemClassLoaderSpec                           : loaded 2 times (x 71B)
Class kotlin.text.MatcherMatchResult$groups$1                                         : loaded 2 times (x 151B)
Class [Lorg.jetbrains.kotlin.konan.util.Named;                                        : loaded 2 times (x 69B)
Class kotlin.coroutines.intrinsics.IntrinsicsKt                                       : loaded 2 times (x 71B)
Class kotlin.ranges.IntRange$Companion                                                : loaded 2 times (x 71B)
Class kotlin.jvm.functions.Function11                                                 : loaded 2 times (x 70B)
Class kotlin.reflect.jvm.internal.KClassImpl$Data$sealedSubclasses$2                  : loaded 2 times (x 79B)
Class kotlin.jvm.internal.markers.KMutableCollection                                  : loaded 2 times (x 70B)
Class kotlin.collections.EmptyMap                                                     : loaded 2 times (x 109B)
Class kotlin.reflect.KAnnotatedElement                                                : loaded 2 times (x 70B)
Class kotlin.jvm.internal.Intrinsics                                                  : loaded 2 times (x 71B)
Class com.google.common.cache.LocalCache$StrongEntry                                  : loaded 2 times (x 108B)
Class com.google.common.util.concurrent.AbstractFuture$TrustedFuture                  : loaded 2 times (x 114B)
Class com.google.common.cache.LoadingCache                                            : loaded 2 times (x 70B)
Class org.jetbrains.kotlin.konan.target.KonanTarget$IOS_SIMULATOR_ARM64               : loaded 2 times (x 78B)
Class kotlin.sequences.SequencesKt__SequencesKt$flatten$1                             : loaded 2 times (x 78B)
Class kotlin.coroutines.intrinsics.CoroutineSingletons                                : loaded 2 times (x 79B)
Class kotlin.jvm.functions.Function12                                                 : loaded 2 times (x 70B)
Class kotlin.collections.MapsKt                                                       : loaded 2 times (x 71B)
Class kotlin.collections.CollectionsKt__IterablesKt                                   : loaded 2 times (x 71B)
Class org.objectweb.asm.MethodWriter                                                  : loaded 2 times (x 106B)
Class [Lcom.google.common.cache.Weigher;                                              : loaded 2 times (x 69B)
Class com.google.common.collect.RegularImmutableMap$BucketOverflowException           : loaded 2 times (x 82B)
Class kotlin.ranges.OpenEndRange                                                      : loaded 2 times (x 70B)
Class kotlin.text.Charsets                                                            : loaded 2 times (x 71B)
Class kotlin.jvm.functions.Function13                                                 : loaded 2 times (x 70B)
Class org.jetbrains.kotlin.cli.common.CompilerSystemProperties$Companion              : loaded 2 times (x 71B)
Class kotlin.KotlinNullPointerException                                               : loaded 2 times (x 83B)
Class kotlin.sequences.SequencesKt__SequencesKt$flatten$3                             : loaded 2 times (x 78B)
Class kotlin.jvm.functions.Function14                                                 : loaded 2 times (x 70B)
Class kotlin.ranges.RangesKt___RangesKt                                               : loaded 2 times (x 71B)
Class [Lorg.jetbrains.kotlin.config.ExplicitApiMode;                                  : loaded 2 times (x 69B)
Class com.google.common.collect.RegularImmutableBiMap                                 : loaded 2 times (x 148B)
Class com.google.common.cache.LocalCache$ValueReference                               : loaded 2 times (x 70B)
Class com.google.common.base.CharMatcher$Negated                                      : loaded 2 times (x 113B)
Class com.google.common.base.CharMatcher$Is                                           : loaded 2 times (x 111B)
Class kotlin.collections.ArrayDeque$Companion                                         : loaded 2 times (x 71B)
Class org.jetbrains.kotlin.com.intellij.openapi.diagnostic.Attachment                 : loaded 2 times (x 72B)
Class kotlin.text.CharsKt__CharKt                                                     : loaded 2 times (x 71B)
Class kotlin.jvm.functions.Function15                                                 : loaded 2 times (x 70B)
Class kotlin.collections.ArraysKt                                                     : loaded 2 times (x 71B)
Class org.jetbrains.kotlin.cli.common.arguments.CommonToolArguments                   : loaded 2 times (x 73B)
Class com.google.common.util.concurrent.AbstractFuture$Failure                        : loaded 2 times (x 72B)
Class com.google.common.base.Equivalence$Equals                                       : loaded 2 times (x 82B)
Class com.google.common.collect.Hashing                                               : loaded 2 times (x 71B)
Class com.google.common.base.PatternCompiler                                          : loaded 2 times (x 70B)
Class com.google.common.base.Preconditions                                            : loaded 2 times (x 71B)
Class kotlin.coroutines.EmptyCoroutineContext                                         : loaded 2 times (x 77B)
Class kotlin.collections.SetsKt__SetsKt                                               : loaded 2 times (x 71B)
Class kotlin.jvm.functions.Function16                                                 : loaded 2 times (x 70B)
Class kotlin.LazyKt                                                                   : loaded 2 times (x 71B)
Class com.google.common.base.Joiner$1                                                 : loaded 2 times (x 80B)
Class org.objectweb.asm.Label                                                         : loaded 2 times (x 73B)
Class org.objectweb.asm.CurrentFrame                                                  : loaded 2 times (x 73B)
Class org.objectweb.asm.ClassTooLargeException                                        : loaded 2 times (x 83B)
Class com.google.common.collect.PeekingIterator                                       : loaded 2 times (x 70B)
Class com.google.common.base.CharMatcher                                              : loaded 2 times (x 111B)
Class kotlin.jvm.functions.Function17                                                 : loaded 2 times (x 70B)
Class kotlin.collections.ArraysKt__ArraysJVMKt                                        : loaded 2 times (x 71B)
Class com.google.common.collect.Maps$IteratorBasedAbstractMap                         : loaded 2 times (x 125B)
Class com.google.common.collect.RangeGwtSerializationDependencies                     : loaded 2 times (x 71B)
Class com.google.common.base.Joiner$2                                                 : loaded 2 times (x 79B)
Class org.objectweb.asm.Frame                                                         : loaded 2 times (x 73B)
Class org.objectweb.asm.MethodVisitor                                                 : loaded 2 times (x 105B)
Class com.google.common.cache.LocalCache$EntryFactory$1                               : loaded 2 times (x 83B)
Class [Lcom.google.common.cache.RemovalListener;                                      : loaded 2 times (x 69B)
Class com.google.common.base.CharMatcher$1                                            : loaded 2 times (x 113B)
Class com.google.common.base.CharMatcher$NamedFastMatcher                             : loaded 2 times (x 112B)
Class org.jetbrains.kotlin.konan.target.KonanTarget$WATCHOS_DEVICE_ARM64              : loaded 2 times (x 78B)
Class kotlin.jvm.functions.Function18                                                 : loaded 2 times (x 70B)
Class kotlin.text.StringsKt__StringBuilderKt                                          : loaded 2 times (x 71B)
Class kotlin.jvm.internal.CallableReference$NoReceiver                                : loaded 2 times (x 71B)
Class com.google.common.collect.RangeSet                                              : loaded 2 times (x 70B)
Class com.google.common.cache.LocalCache$EntryFactory$2                               : loaded 2 times (x 83B)
Class kotlin.reflect.KMutableProperty$Setter                                          : loaded 2 times (x 70B)
Class kotlin.jvm.functions.Function19                                                 : loaded 2 times (x 70B)
Class kotlin.reflect.jvm.internal.KClassImpl$Data$allStaticMembers$2                  : loaded 2 times (x 79B)
Class kotlin.Lazy                                                                     : loaded 2 times (x 70B)
Class kotlin.NoWhenBranchMatchedException                                             : loaded 2 times (x 82B)
Class com.google.common.collect.CollectCollectors                                     : loaded 2 times (x 71B)
Class org.objectweb.asm.ModuleWriter                                                  : loaded 2 times (x 82B)
Class com.google.common.cache.LocalCache$EntryFactory$3                               : loaded 2 times (x 83B)
Class com.google.common.base.Ticker$1                                                 : loaded 2 times (x 72B)
Class com.google.common.collect.ImmutableMapEntrySet$RegularEntrySet                  : loaded 2 times (x 151B)
Class com.google.common.collect.Maps$BiMapConverter                                   : loaded 2 times (x 90B)
Class [Lkotlin.jvm.functions.Function1;                                               : loaded 2 times (x 69B)
Class org.jetbrains.kotlin.cli.common.messages.MessageRenderer                        : loaded 2 times (x 70B)
Class com.google.common.cache.LocalCache$EntryFactory$4                               : loaded 2 times (x 83B)
Class com.google.common.collect.ImmutableSet$Builder                                  : loaded 2 times (x 85B)
Class com.google.common.base.CharMatcher$InRange                                      : loaded 2 times (x 111B)
Class kotlin.sequences.ConstrainedOnceSequence                                        : loaded 2 times (x 75B)
Class kotlin.reflect.jvm.internal.KCallableImpl$_parameters$1                         : loaded 2 times (x 79B)
Class com.google.common.cache.LocalCache$EntryFactory$5                               : loaded 2 times (x 83B)
Class kotlin.reflect.jvm.internal.KClassImpl$Data$simpleName$2                        : loaded 2 times (x 79B)
Class [Lkotlin.reflect.KProperty;                                                     : loaded 2 times (x 69B)
Class org.jetbrains.kotlin.config.JVMAssertionsMode$Companion                         : loaded 2 times (x 71B)
Class kotlin.jvm.internal.markers.KMappedMarker                                       : loaded 2 times (x 70B)
Class com.google.common.cache.LocalCache$EntryFactory$6                               : loaded 2 times (x 83B)
Class org.gradle.internal.installation.CurrentGradleInstallationLocator               : loaded 2 times (x 71B)
Class org.jetbrains.kotlin.konan.target.KonanTarget$IOS_X64                           : loaded 2 times (x 78B)
Class org.jetbrains.kotlin.cli.common.messages.CompilerMessageSeverity$Companion      : loaded 2 times (x 71B)
Class com.google.common.collect.Maps$KeySet                                           : loaded 2 times (x 137B)
Class com.google.common.cache.LocalCache$EntryFactory$7                               : loaded 2 times (x 83B)
Class com.google.common.collect.ImmutableSet$EmptySetBuilderImpl                      : loaded 2 times (x 76B)
Class com.google.common.collect.ImmutableList                                         : loaded 2 times (x 206B)
Class org.gradle.internal.service.DefaultServiceLocator                               : loaded 2 times (x 83B)
Class kotlin.coroutines.jvm.internal.SuspendFunction                                  : loaded 2 times (x 70B)
Class kotlin.reflect.KMutableProperty0                                                : loaded 2 times (x 70B)
Class kotlin.reflect.KClassifier                                                      : loaded 2 times (x 70B)
Class org.jetbrains.kotlin.util.capitalizeDecapitalize.CapitalizeDecapitalizeKt       : loaded 2 times (x 71B)
Class com.google.common.cache.LocalCache$EntryFactory$8                               : loaded 2 times (x 83B)
Class com.google.common.collect.ImmutableSet$SetBuilderImpl                           : loaded 2 times (x 76B)
Class org.gradle.internal.installation.CurrentGradleInstallation                      : loaded 2 times (x 73B)
Class kotlin.jvm.internal.Ref$BooleanRef                                              : loaded 2 times (x 71B)
Class kotlin.coroutines.intrinsics.IntrinsicsKt__IntrinsicsJvmKt                      : loaded 2 times (x 71B)
Class kotlin.coroutines.jvm.internal.CoroutineStackFrame                              : loaded 2 times (x 70B)
Class kotlin.reflect.KMutableProperty1                                                : loaded 2 times (x 70B)
Class com.google.common.cache.CacheLoader$1                                           : loaded 2 times (x 75B)
Class com.google.common.collect.ImmutableList$SubList                                 : loaded 2 times (x 208B)
Class org.gradle.util.internal.GUtil                                                  : loaded 2 times (x 71B)
Class kotlin.io.NoSuchFileException                                                   : loaded 2 times (x 82B)
Class kotlin.reflect.KMutableProperty2                                                : loaded 2 times (x 70B)
Class kotlin.collections.CollectionsKt                                                : loaded 2 times (x 71B)
Class com.google.common.util.concurrent.AbstractFuture$SetFuture                      : loaded 2 times (x 75B)
Class com.google.common.cache.AbstractCache$StatsCounter                              : loaded 2 times (x 70B)
Class kotlin.ranges.IntProgressionIterator                                            : loaded 2 times (x 82B)
Class kotlin.coroutines.jvm.internal.DebugProbesKt                                    : loaded 2 times (x 71B)
Class kotlin.coroutines.CoroutineContext                                              : loaded 2 times (x 70B)
Class kotlin.reflect.jvm.internal.RuntimeTypeMapper                                   : loaded 2 times (x 71B)
Class org.jetbrains.kotlin.com.intellij.openapi.diagnostic.ExceptionWithAttachments   : loaded 2 times (x 70B)
Class com.google.common.collect.Iterators$MergingIterator                             : loaded 2 times (x 81B)
Class com.google.common.collect.RegularImmutableSet                                   : loaded 2 times (x 148B)
Class org.gradle.internal.installation.GradleInstallation                             : loaded 2 times (x 75B)
Class kotlin.reflect.jvm.internal.KPackageImpl$data$1                                 : loaded 2 times (x 79B)
Class org.jetbrains.kotlin.config.LanguageFeature$State                               : loaded 2 times (x 82B)
Class com.google.common.collect.Iterables                                             : loaded 2 times (x 71B)
Class com.google.common.base.Splitter$Strategy                                        : loaded 2 times (x 70B)
Class org.jetbrains.kotlin.konan.target.KonanTarget$MACOS_ARM64                       : loaded 2 times (x 78B)
Class org.jetbrains.kotlin.konan.target.KonanTarget$WATCHOS_ARM64                     : loaded 2 times (x 78B)
Class kotlin.ranges.IntProgression                                                    : loaded 2 times (x 81B)
Class org.jetbrains.kotlin.com.intellij.openapi.diagnostic.DefaultLogger              : loaded 2 times (x 100B)
Class kotlin.jvm.KotlinReflectionNotSupportedError                                    : loaded 2 times (x 82B)

---------------  S Y S T E M  ---------------

OS:
 Windows 11 , 64 bit Build 26100 (10.0.26100.8764)
OS uptime: 2 days 22:52 hours

CPU: total 4 (initial active 4) (2 cores per cpu, 2 threads per core) family 6 model 140 stepping 1 microcode 0x8a, cx8, cmov, fxsr, ht, mmx, 3dnowpref, sse, sse2, sse3, ssse3, sse4.1, sse4.2, popcnt, lzcnt, tsc, tscinvbit, avx, avx2, aes, erms, clmul, bmi1, bmi2, adx, avx512f, avx512dq, avx512cd, avx512bw, avx512vl, sha, fma, vzeroupper, avx512_vpopcntdq, avx512_vpclmulqdq, avx512_vaes, avx512_vnni, clflush, clflushopt, clwb, avx512_vbmi2, avx512_vbmi, rdtscp, rdpid, fsrm, gfni, avx512_bitalg, f16c, pku, cet_ibt, cet_ss, avx512_ifma
Processor Information for processor 0
  Max Mhz: 2995, Current Mhz: 2995, Mhz Limit: 2995
Processor Information for processor 1
  Max Mhz: 2995, Current Mhz: 998, Mhz Limit: 2995
Processor Information for processor 2
  Max Mhz: 2995, Current Mhz: 2995, Mhz Limit: 2995
Processor Information for processor 3
  Max Mhz: 2995, Current Mhz: 2995, Mhz Limit: 2995

Memory: 4k page, system-wide physical 7991M (262M free)
TotalPageFile size 30556M (AvailPageFile size 63M)
current process WorkingSet (physical memory assigned to process): 533M, peak: 533M
current process commit charge ("private bytes"): 647M, peak: 647M

vm_info: OpenJDK 64-Bit Server VM (21.0.11+1-b1163.116) for windows-amd64 JRE (21.0.11+1-b1163.116), built on 2026-04-30 by "builduser" with MS VC++ 17.14 (VS2022)

END.
